address,name,confidence,device_method,title_per_frame,menu_per_frame,ring_per_frame,calls_total,caller,instructions,pm4,imports,args,evidence
82914828,,,,0.00,0.00,0.00,0,00000000,40,,,,
829148C8,,,,0.00,0.00,0.00,0,00000000,40,,RtlTimeFieldsToTime,,
82914968,,,,0.00,0.00,0.00,0,00000000,34,,RtlTimeToTimeFields,,
829149F0,,,,0.00,0.00,0.00,0,00000000,2,,,,
829149F8,,,,0.19,0.00,0.00,12034,82962C04,35,,,r3=ADE51CA0..ADE717B0 r4=00000000..703CF1B0 r5=00000000..703CF0F0 r6=00000001..FBEF4A00 r7=00000000..82C00002 r8=00000000..703CEDFC,
82914A88,,,,0.02,0.00,0.00,2327,8293CE44,82,,,r3=ADE51CA0..ADE71750 r4=EF058000..FFBFF000 r5=00000000..FBEF4000 r6=00000000..EF2C3000 r7=00000000..ABE760DC r8=00000000..FFB80000,
82914BD8,,,,0.00,0.00,0.00,0,00000000,22,,,,
82914C30,,,,0.00,0.00,0.00,0,00000000,48,WAIT_REG_MEM,,,
82914CF0,,,,0.05,0.00,6.00,20548,8291DF8C,29,,,r3=AD97E550..ADE717B0 r4=00000000..AE550540 r5=00000000..00000030 r6=00000001..AEC8EFC8 r7=00000001..82060000 r8=00000050..82050000,
82914D68,,,,0.00,0.00,0.00,0,00000000,26,,KeGetCurrentProcessType,,
82914DD0,,,,0.00,0.00,0.00,489,826E7468,50,,,r3=00000080..0003A6A0 r4=00000008..00000008 r5=00000000..00000000 r6=00000000..00000027 r7=00000006..0000000C r8=A84EF7B0..ABE764C0,
82914E98,,,,0.00,0.00,0.00,489,826E74E0,4,,,r3=ADE5B960..ADE70270 r4=00000000..BF800000 r5=0000040B..00000412 r6=00000000..82060000 r7=8205CF30..8205CF30 r8=00000000..0000CF7A,
82914EA8,,,,0.00,0.00,0.00,489,826E6B6C,43,,,r3=0000000A..000060FA r4=00000008..00000008 r5=00000001..00000001 r6=00000000..00000000 r7=00100101..00100101 r8=0000009E..00008000,
82914F58,,,,0.00,0.00,0.00,489,826E6C38,3,,,r3=ADE5B9A0..ADE702B0 r4=0000000C..00000030 r5=0000040A..00000412 r6=00000005..0000307D r7=A84EF2A4..ABE760DC r8=F5485008..FC08A038,
82914F68,,,,0.00,0.00,0.00,0,00000000,85,DRAW_INDX_2 IM_LOAD_IMMEDIATE,,,
829150C0,,,,0.00,0.00,0.00,0,00000000,226,DRAW_INDX_2 IM_LOAD_IMMEDIATE,,,
82915448,,,,0.00,0.00,0.00,0,00000000,65,EVENT_WRITE,,,
82915550,,,,0.00,0.00,0.00,0,00000000,152,EVENT_WRITE,,,
829157B0,,,,0.06,0.00,0.00,1319,82915D80,135,,KeGetCurrentProcessType,r3=ADE51D00..ADE717B0 r4=00000004..FFBFF000 r5=00000000..FBEF4000 r6=00000000..ADE6C860 r7=00000000..00100103 r8=00000002..ADE51DB8,
829159D0,,,,0.02,0.00,0.00,2327,82917228,209,WAIT_REG_MEM,KeGetCurrentProcessType,r3=ADE51CA0..ADE71750 r4=00000000..00000000 r5=0000000A..0000000E r6=00000000..00000003 r7=EF058000..FFBFF000 r8=00000000..FBEF4000,
82915D18,,,,0.11,0.00,6.00,21860,826E0840,32,,,r3=AD97E550..ADE717B0 r4=00000004..FFBFF000 r5=00000000..FBEF4000 r6=00000000..ADE6C860 r7=00000000..00100203 r8=00000002..ADE51DB8,
82915D98,,,,0.00,0.00,0.00,489,826E7494,20,,,r3=ADE5B960..ADE70270 r4=00000000..00000000 r5=00000000..00000000 r6=00000000..00000000 r7=A84EF7B0..ABE764C0 r8=00000001..00000001,
82915DE8,,,,0.00,0.00,0.00,489,826E6B90,18,,,r3=ADE5B9A0..ADE702B0 r4=00000000..00000000 r5=0000000A..000060FA r6=00000000..00000000 r7=16230000..1C410000 r8=00000004..00000004,
82915E30,,,,0.14,0.00,0.00,7085,82962BB0,38,,,r3=ADE51CA0..ADE71750 r4=7030EB14..705CFA14 r5=7030EB18..705CFA18 r6=7030EB0C..705CFA0C r7=00000006..82C00002 r8=00000000..FBEF4A00,
82915EC8,,,,1.00,1.00,5.01,18032,82919994,40,,,r3=AD97E50C..ADE6C66C r4=705CFBA0..705CFBD0 r5=705CFBA4..705CFBD4 r6=705CFBAC..705CFBDC r7=00000000..00000000 r8=00000000..00000000,
82915F68,,,,0.00,0.00,0.00,21,82712CD0,5,,,r3=ADE51DC0..ADE70A00 r4=00000000..00000000 r5=00000000..0003E380 r6=826E61C8..EF2C3000 r7=00000000..8205CF48 r8=00000020..FFB80000,
82915F80,,,,0.02,0.00,0.00,1328,8293CE44,6,,,r3=ADE51D00..ADE717B0 r4=ACD77F30..FBE64000 r5=000C0000..FBE4C000 r6=ACD78170..AD823210 r7=00000013..00100203 r8=00008000..000C0000,
82915F98,,,,2.30,2.00,10.02,49787,82916110,38,,,r3=00000002..00000024 r4=7030EA44..705CFBD8 r5=7030EA40..705CFBDC r6=00000000..00000020 r7=00000000..705CFB34 r8=00000000..ADE6C650,
82916030,,,,0.00,0.00,0.00,0,00000000,33,,,,
829160B8,,,,1.14,1.00,5.01,26426,82916340,72,,,r3=7030EB10..705CFAB8 r4=7030EB04..705CFAB4 r5=7030EB00..705CFAB0 r6=00000004..00000020 r7=00000002..00000024 r8=00000001..00000003,
829161D8,,,,1.02,1.00,5.01,18744,82919A10,224,,,r3=00000001..00000800 r4=00000001..00000460 r5=00000001..00000006 r6=00000001..00000004 r7=00000002..00000024 r8=00000001..00000003,
82916558,,,,0.00,0.00,0.00,358,829170AC,86,,,r3=00000000..00000003 r4=00000008..00000080 r5=00000008..00000080 r6=00000001..00000001 r7=00000040..00000080 r8=00002000..00004000,
829166B0,,,,0.05,0.00,0.00,2656,82916AB4,244,,,r3=ADE51CA0..ADE71750 r4=00000000..00000003 r5=7030EC30..703CEDF0 r6=7030EC34..703CEDF4 r7=7030EC40..703CEE00 r8=7030EC3C..703CEDFC,
82916A80,,,,0.05,0.00,0.00,2656,82917DD4,64,,,r3=ADE51CA0..ADE71750 r4=00000000..00000003 r5=7030ED90..703CEF00 r6=00000000..703CF1B0 r7=00000000..00000800 r8=00000000..00002000,
82916B80,,,,0.00,0.00,0.00,0,00000000,64,,,,
82916C80,,,,0.05,0.00,0.00,2647,829171C4,313,,,r3=ADE51CA0..ADE71750 r4=00000000..00000005 r5=00000000..00000003 r6=7030ECE4..705CFBE4 r7=7030ECEC..705CFBEC r8=7030EC30..705CFB30,
82917168,,,,0.02,0.00,0.00,1349,82917274,53,,,r3=ADE51CA0..ADE71750 r4=00000000..00000000 r5=00000000..00000005 r6=00000000..00000003 r7=00000000..00000000 r8=7030ECE0..705CFBE0,
82917240,,,,0.02,0.00,0.00,1349,8293D390,36,,,r3=ADE51CA0..ADE71750 r4=00000000..00000000 r5=00000000..00000005 r6=00000000..00000003 r7=7030ED60..705CFCB8 r8=00000000..00000000,
829172D0,,,,0.00,0.00,0.00,0,00000000,43,,,,
82917380,,,,0.02,0.00,0.00,712,82917BD8,189,,,r3=00000003..00000012 r4=00000001..00000800 r5=00000001..00000460 r6=00000001..00000006 r7=00000001..00000004 r8=00000000..00000004,
82917678,,,,0.00,0.00,0.00,20,82917CC8,156,,,r3=00000010..00000500 r4=00000010..00000460 r5=18280186..2DA2ABA4 r6=00000000..00000000 r7=00000000..705CFDB0 r8=AD97E550..ADE70F80,
829178E8,,,,0.00,0.00,0.00,5,82934928,4,,,r3=ADE5F360..ADE6B390 r4=703CF0D0..703CF1B0 r5=00000000..00000000 r6=00070005..00070005 r7=0004E75B..0004F35E r8=0005C000..0005C000,
829178F8,,,,0.02,0.00,0.00,1112,8293514C,46,,,r3=ADE51CA0..ADE71750 r4=00000000..00000003 r5=00001000..000A8000 r6=0F000000..ADE6DBD0 r7=0004E473..1FC00000 r8=00001000..0005C000,
829179B0,,,,0.00,0.00,0.00,21,82712CA8,7,,,r3=ADE51DC0..ADE70A00 r4=00000000..00000000 r5=7030FB80..705CFCB8 r6=00000000..00000000 r7=00000000..00000000 r8=00000000..00008000,
829179D0,,,,0.00,0.00,0.00,186,82935124,45,,,r3=ADE5F360..ADE6DAD0 r4=00000000..00000005 r5=00000000..00000003 r6=00070005..ADE6DB70 r7=00000060..1BF10000 r8=00001000..AD977E08,
82917A88,,,,0.00,0.00,0.00,0,00000000,1,,,,
82917A90,,,,0.00,0.00,0.00,0,00000000,43,,,,
82917B40,,,,0.00,0.00,0.00,60,82962990,1,,,r3=ADE5F360..ADE6B390 r4=00000000..00000000 r5=703CEBD0..703CECB0 r6=00000020..00000040 r7=00000020..00000040 r8=00000100..00000100,
82917B48,,,,0.02,0.00,0.00,712,8293509C,72,,,r3=00000001..00000800 r4=00000001..00000460 r5=00000001..00000006 r6=00000001..00000004 r7=00000000..00000004 r8=04900102..2DA2ABA4,
82917C68,,,,0.00,0.00,0.00,20,82710D60,78,,,r3=00000010..00000500 r4=00000010..00000460 r5=18280186..2DA2ABA4 r6=00000000..00000000 r7=00000000..705CFDB0 r8=00000000..826E5DC8,
82917DA0,,,,0.05,0.00,0.00,2596,82962A3C,38,,,r3=ADE51D00..ADE717B0 r4=7030ED90..703CEF00 r5=7030EF80..ADE717B0 r6=00000000..703CF1B0 r7=00000000..00000800 r8=00000000..00002000,
82917E38,,,,0.02,0.00,0.00,1328,8293D390,9,,,r3=ADE51D00..ADE717B0 r4=7030ED60..703CEED0 r5=00000000..00000000 r6=00000000..00000000 r7=00000000..00000000 r8=18280086..1A200054,
82917E60,,,,0.00,0.00,0.00,0,00000000,17,,,,
82917EA8,,,,0.00,0.00,0.00,0,00000000,7,,,,
82917EC8,D3DDevice_SetTexture,high,yes,13.24,41.82,1255.39,4753684,826E046C,99,,,r3=AD977E80..AD977E80 r4=00000000..00000019 r5=00000000..ADE71330 r6=00000040..80000000 r7=00000000..00000000 r8=00000000..00000031,"r4=sampler 0..25, r5=texture or NULL; ~1250/frame"
82918058,,,,1.00,1.00,5.01,18032,82918DD4,19,,,r3=00000006..00000024 r4=00000C14..000016D1 r5=00000200..00000460 r6=00000000..00000004 r7=00000003..FFFFFFFF r8=00000200..00000460,
829180A8,,,,0.00,0.00,0.00,0,00000000,41,,,,
82918150,,,,0.00,0.00,0.00,0,00000000,26,,,,
829181B8,,,,0.00,0.00,0.00,0,00000000,72,,,,
829182D8,,,,0.00,0.00,2.00,5924,8291F374,284,,,r3=00000000..00000000 r4=00000000..00000000 r5=705CFAF0..705CFAF0 r6=705CFAF4..705CFAF4 r7=C0000000..C0000000 r8=00000200..00000200,
82918750,,,,0.00,0.00,0.00,0,00000000,54,,,,
82918828,,,,0.00,0.00,0.00,0,00000000,151,,,,
82918A88,D3DDevice_Resolve,high,yes,1.00,1.00,5.01,18032,82919C1C,1108,EVENT_WRITE IM_LOAD_IMMEDIATE SET_CONSTANT WAIT_REG_MEM,,r3=AD977E80..AD977E80 r4=00000000..00000004 r5=00000000..00000000 r6=00000000..00000000 r7=00000000..00000000 r8=AD97E4F0..ADE6C650,"called at the end of each pass (frame log): r4=flags (0 colour, 4 depth), r8=destination texture; EVENT_WRITE + IM_LOAD_IMMEDIATE (copy shaders); helper 82919BD8 gets the same texture"
82919BD8,D3D internal: Resolve setup,medium,yes,1.00,1.00,5.01,18032,8291B60C,19,,,r3=AD977E80..AD977E80 r4=00000000..00000004 r5=00000000..00000000 r6=AD97E4F0..ADE6C650 r7=00000000..00000000 r8=00000000..00000000,precedes each Resolve with its texture
82919C28,,,,0.00,0.00,0.00,0,00000000,118,,MmAllocatePhysicalMemoryEx VdPersistDisplay,,
82919E08,,,,1.00,1.00,1.00,5904,829227A4,12,,,r3=705CFAC0..705CFCD0 r4=AD977E80..AD977E80 r5=00000003..0000000D r6=00000000..ADE6C690 r7=00000000..00000000 r8=00000000..12340000,
82919E38,,,,1.00,1.00,1.00,5903,829227DC,49,,,r3=705CFAC0..705CFCD0 r4=AD977E80..AD977E80 r5=00000003..0000000D r6=00000000..ADE6C690 r7=00000000..00000000 r8=00000011..00005C5F,
82919F00,,,yes,0.00,0.00,0.00,47,82968F1C,5,,,r3=AD977E80..AD977E80 r4=EFB74000..EFDDC000 r5=00000000..00000808 r6=00000000..00000000 r7=00000000..00000000 r8=FFFF0000..FFFF0000,
82919F18,D3D internal: GPU wait / ring-space poll,medium,,565865.43,575015.07,438607.38,2957579765,829227B0,48,,,r3=705CFAC0..705CFAC0 r4=AD977E80..AD977E80 r5=00000003..00000003 r6=00000000..00000000 r7=00000000..00000000 r8=00000000..00000011,"~430,000 calls/frame with constant args - a spin loop waiting on the GPU"
82919FF0,,,,0.00,0.00,0.00,0,00000000,20,,,,
8291A040,,,yes,0.00,0.00,0.00,1,82927D74,47,,,r3=AD977E80..AD977E80 r4=820726BC..820726BC r5=0000005C..0000005C r6=00000000..00000000 r7=00030004..00030004 r8=00000000..00000000,
8291A100,,,,0.00,0.00,0.00,0,00000000,21,,,,
8291A158,,,yes,2.00,2.00,10.02,36059,8291B628,44,,,r3=AD977E80..AD977E80 r4=00000100..B34927B4 r5=00000000..705CF9E0 r6=00000000..C0010000 r7=00000000..FFFFFFFF r8=00000000..FFFFFFFF,
8291A208,,,,0.00,0.00,0.00,0,00000000,21,,,,
8291A260,,,yes,1.00,1.00,1.00,5931,826D87CC,16,,,r3=AD977E80..AD977E80 r4=00000000..BF786ECA r5=00000000..AEE03940 r6=00000000..AECA2FD4 r7=00000000..FFFFFFFF r8=00000000..FFFFFFFF,
8291A2A0,,,yes,1.00,1.00,1.00,5931,826D880C,3,,,r3=AD977E80..AD977E80 r4=00000000..FFFFFFFF r5=00000000..A8C07E00 r6=00000000..AEE09E30 r7=00000000..AED32160 r8=00000000..AEE09408,
8291A2B0,,,,0.00,0.00,0.00,0,00000000,68,,,,
8291A3C0,,,,0.00,0.00,0.00,1,8291A434,21,,,r3=00005F00..00005F00 r4=00000080..00000080 r5=00000000..00000000 r6=00000000..00000000 r7=AEC8EF20..AEC8EF20 r8=AEC8EFA0..AEC8EFA0,
8291A418,,,,0.00,0.00,0.00,1,8291A610,20,,,r3=00005F00..00005F00 r4=00000080..00000080 r5=00000000..00000000 r6=00000000..00000000 r7=AEC8EF20..AEC8EF20 r8=AEC8EFA0..AEC8EFA0,
8291A468,,,yes,0.00,0.00,0.00,1,82927D64,94,DRAW_INDX IM_LOAD_IMMEDIATE,,r3=AD977E80..AD977E80 r4=000001DC..000001DC r5=B0D30028..B0D30028 r6=000001DD..000001DD r7=C0000000..C0000000 r8=07F00000..07F00000,
8291A5E0,,,,0.00,0.00,0.00,1,826D8FFC,53,,,r3=00000000..00000000 r4=00000001..00000001 r5=00000000..00000000 r6=00000000..00000000 r7=AEC8EF20..AEC8EF20 r8=AEC8EFA0..AEC8EFA0,
8291A6B8,,,yes,0.00,0.00,0.00,2,8291AEB4,28,,,r3=AD977E80..AD977E80 r4=28280106..28280106 r5=AD97B9F0..AD97B9F0 r6=00000000..28280106 r7=00000003..00001930 r8=00001973..FFFFF8FF,
8291A728,,,yes,1.00,1.00,1.00,6040,8292237C,70,,KfAcquireSpinLock KfReleaseSpinLock,r3=AD977E80..AD977E80 r4=AD977E80..AD977E80 r5=00000000..00000000 r6=00000000..00000000 r7=00000000..00000000 r8=00000000..FFFD37CF,
8291A848,,,,1.00,1.00,1.00,5909,82922324,106,,KeGetCurrentProcessType KeQueryPerformanceFrequency KfAcquireSpinLock KfReleaseSpinLock,r3=00000100..00000100 r4=AD977E80..AD977E80 r5=00000000..00000000 r6=00000000..00000000 r7=00000000..00000064 r8=00000000..00001797,
8291A9F8,,,yes,1.00,1.00,1.00,5910,8291ACE0,41,,,r3=AD977E80..AD977E80 r4=28280106..28280106 r5=000000E4..28280106 r6=000000E4..705CFC50 r7=00000000..BEEF0001 r8=000002D0..DEAD0000,
8291AAA0,,,yes,1.00,1.00,1.00,5910,8291B5C0,114,WAIT_REG_MEM,,r3=AD977E80..AD977E80 r4=00000000..00000000 r5=00000000..00000000 r6=00000500..00000500 r7=000002D0..000002D0 r8=02D00000..02D00000,
8291AC68,,,yes,1.00,1.00,1.00,5908,8291B3E4,32,,,r3=AD977E80..AD977E80 r4=10996000..10996000 r5=28280106..28280106 r6=705CFC50..705CFC50 r7=BEEF0001..BEEF0001 r8=705CFBF0..DEAD0000,
8291ACE8,,,yes,0.00,0.00,0.00,2,8291B3D4,119,WAIT_REG_MEM,,r3=AD977E80..AD977E80 r4=00000002..FFFFFFFF r5=10996000..10996000 r6=28280106..28280106 r7=00000500..00000500 r8=000002D0..000002D0,
8291AEC8,,,,0.00,0.00,0.00,0,00000000,2,,,,
8291AED0,D3DDevice_Present (Swap),certain,,,,,,,417,NOP,KeGetCurrentProcessType MmFreePhysicalMemory VdGetSystemCommandBuffer VdPersistDisplay VdSwap,,only caller of VdSwap / VdGetSystemCommandBuffer; once per frame
8291B558,,,yes,1.00,1.00,1.00,5910,826D8B08,70,,,r3=AD977E80..AD977E80 r4=00000000..00000000 r5=00000000..00000000 r6=00000500..00000500 r7=000002D0..000002D0 r8=02D00000..02D00000,
8291B670,"D3D internal: set surface extent (width, height)",medium,yes,7.00,7.00,31.02,112806,8291DD08,188,SET_CONSTANT,,r3=AD977E80..AD977E80 r4=00000000..00000000 r5=00000000..00000000 r6=00000200..00000500 r7=00000200..00000460 r8=00000000..00000500,"r6/r7 = active render target size (1280x720, 512x512, 1120x1120)"
8291B960,D3DDevice_SetRenderState_* (3-bit state at +10568),medium,yes,93.55,127.77,844.81,2786461,8270E63C,7,,,r3=AD977E80..AD977E80 r4=00000000..00000006 r5=0000000A..000005F0 r6=00000000..0000060C r7=0000000A..FE40FFC0 r8=00000000..AD977EB8,"stores r4 (0..6) into bits 0-2 of device+10568, dirty bit 0x40"
8291B980,,,,0.00,0.00,0.00,0,00000000,3,,,,
8291B990,,,yes,0.00,0.00,0.00,1,82927554,7,,,r3=AD977E80..AD977E80 r4=00000000..00000000 r5=000005F0..000005F0 r6=00000000..00000000 r7=FE40FFC0..FE40FFC0 r8=00000074..00000074,
8291B9B0,,,,0.00,0.00,0.00,0,00000000,3,,,,
8291B9C0,D3DDevice_SetRenderState_* (one state),medium,yes,81.00,81.00,141.35,657741,8270E618,9,,,r3=AD977E80..AD977E80 r4=00000000..00000001 r5=0000000A..AEBBFE00 r6=00000000..0000060C r7=0000000A..FE40FFC0 r8=00000000..0000CF6F,leaf of 7-32 instructions: stores r4 (small value) into the device's render state block and sets a dirty bit; called from the engine's state cache (0x8270E5xx)
8291B9E8,,,,0.00,0.00,0.00,0,00000000,3,,,,
8291B9F8,D3DDevice_SetRenderState_* (one state),medium,yes,81.00,81.00,104.27,547773,8270E60C,32,,,r3=AD977E80..AD977E80 r4=00000000..00000001 r5=0000000A..AEBBFE00 r6=00000000..0000060C r7=0000000A..FE40FFC0 r8=00000000..0000CF6F,leaf of 7-32 instructions: stores r4 (small value) into the device's render state block and sets a dirty bit; called from the engine's state cache (0x8270E5xx)
8291BA78,,,,0.00,0.00,0.00,0,00000000,3,,,,
8291BA88,D3DDevice_SetRenderState_* (one state),medium,yes,81.00,81.00,196.57,819179,8270E5E8,31,,,r3=AD977E80..AD977E80 r4=00000000..00000000 r5=0000000A..000005F0 r6=00000000..0000060C r7=0000000A..FE40FFC0 r8=00000000..000060C0,leaf of 7-32 instructions: stores r4 (small value) into the device's render state block and sets a dirty bit; called from the engine's state cache (0x8270E5xx)
8291BB08,,,,0.00,0.00,0.00,0,00000000,3,,,,
8291BB18,D3DDevice_SetRenderState_* (one state),medium,yes,81.00,81.00,196.57,819180,8270E5F4,31,,,r3=AD977E80..AD977E80 r4=00000001..00000006 r5=0000000A..AEBBFE00 r6=00000000..0000060C r7=0000000A..FE40FFC0 r8=00000000..0000CF6F,leaf of 7-32 instructions: stores r4 (small value) into the device's render state block and sets a dirty bit; called from the engine's state cache (0x8270E5xx)
8291BB98,,,,0.00,0.00,0.00,0,00000000,3,,,,
8291BBA8,D3DDevice_SetRenderState_* (one state),medium,yes,81.00,81.00,196.57,819180,8270E600,31,,,r3=AD977E80..AD977E80 r4=00000000..00000007 r5=0000000A..AEBBFE00 r6=00000000..0000060C r7=0000000A..FE40FFC0 r8=00000000..0000CF6F,leaf of 7-32 instructions: stores r4 (small value) into the device's render state block and sets a dirty bit; called from the engine's state cache (0x8270E5xx)
8291BC28,,,,0.00,0.00,0.00,0,00000000,3,,,,
8291BC38,,,yes,0.00,0.00,0.00,1,82927554,23,,,r3=AD977E80..AD977E80 r4=00000000..00000000 r5=000005F0..000005F0 r6=00000000..00000000 r7=FE40FFC0..FE40FFC0 r8=0000009C..0000009C,
8291BC98,,,,0.00,0.00,0.00,0,00000000,3,,,,
8291BCA8,,,yes,0.00,0.00,0.00,1,82927554,23,,,r3=AD977E80..AD977E80 r4=00000001..00000001 r5=000005F0..000005F0 r6=00000000..00000000 r7=FE40FFC0..FE40FFC0 r8=00000094..00000094,
8291BD08,,,,0.00,0.00,0.00,0,00000000,3,,,,
8291BD18,,,yes,0.00,0.00,0.00,1,82927554,23,,,r3=AD977E80..AD977E80 r4=00000000..00000000 r5=000005F0..000005F0 r6=00000000..00000000 r7=FE40FFC0..FE40FFC0 r8=00000098..00000098,
8291BD78,,,,0.00,0.00,0.00,0,00000000,3,,,,
8291BD88,,,yes,0.00,0.00,0.00,1,82927554,33,,,r3=AD977E80..AD977E80 r4=00000000..00000000 r5=000005F0..000005F0 r6=00000000..00000000 r7=FE40FFC0..FE40FFC0 r8=00000080..00000080,
8291BE10,,,,0.00,0.00,0.00,0,00000000,3,,,,
8291BE20,D3DDevice_SetRenderState_* (one state),medium,yes,82.09,84.96,100.23,538926,8270E630,13,,,r3=AD977E80..AD977E80 r4=00000000..00000001 r5=0000000A..AEBBFE00 r6=00000000..0000060C r7=0000000A..FE40FFC0 r8=00000000..AD977EE4,leaf of 7-32 instructions: stores r4 (small value) into the device's render state block and sets a dirty bit; called from the engine's state cache (0x8270E5xx)
8291BE58,,,,0.00,0.00,0.00,0,00000000,10,,,,
8291BE80,D3DDevice_SetRenderState_* (one state),medium,yes,82.09,84.96,89.21,506224,8270E624,7,,,r3=AD977E80..AD977E80 r4=00000006..00000007 r5=0000000A..AEBBFE00 r6=00000000..0000060C r7=0000000A..FE40FFC0 r8=00000000..AD977EE8,leaf of 7-32 instructions: stores r4 (small value) into the device's render state block and sets a dirty bit; called from the engine's state cache (0x8270E5xx)
8291BEA0,,,,0.00,0.00,0.00,0,00000000,3,,,,
8291BEB0,,,yes,0.00,0.00,0.00,1,82927554,36,,,r3=AD977E80..AD977E80 r4=FFFFFFFF..FFFFFFFF r5=000005F0..000005F0 r6=00000000..00000000 r7=FE40FFC0..FE40FFC0 r8=00000084..00000084,
8291BF40,,,,0.00,0.00,0.00,0,00000000,28,,,,
8291BFB0,,,yes,0.00,0.00,0.00,1,82927554,9,,,r3=AD977E80..AD977E80 r4=00000001..00000001 r5=00000000..00000000 r6=00000500..00000500 r7=000002D0..000002D0 r8=000001C8..000001C8,
8291BFD8,,,,0.00,0.00,0.00,0,00000000,3,,,,
8291BFE8,,,yes,0.00,0.00,0.00,1,82927554,15,,,r3=AD977E80..AD977E80 r4=3F800000..3F800000 r5=00000000..00000000 r6=00000500..00000500 r7=000002D0..000002D0 r8=000001CC..000001CC,
8291C028,,,,0.00,0.00,0.00,0,00000000,12,,,,
8291C058,,,yes,0.00,0.00,0.00,2,82927640,8,,,r3=AD977E80..AD977E80 r4=00000000..00000001 r5=00000000..00000000 r6=00000000..00000500 r7=000002D0..00FF0000 r8=00000001..000001D0,
8291C078,,,,0.00,0.00,0.00,0,00000000,3,,,,
8291C088,D3DDevice_SetRenderState_* (one state),medium,yes,83.13,86.96,97.24,526526,8270E660,14,,,r3=AD977E80..AD977E80 r4=00000000..00000001 r5=0000000A..FFFFFFFF r6=00000000..FFFFFFFF r7=0000000A..FE40FFC0 r8=00000000..AD977EA8,leaf of 7-32 instructions: stores r4 (small value) into the device's render state block and sets a dirty bit; called from the engine's state cache (0x8270E5xx)
8291C0C0,,,,0.00,0.00,0.00,0,00000000,2,,,,
8291C0C8,D3DDevice_SetRenderState_* (one state),medium,yes,83.13,86.96,219.63,887578,8270E654,7,,,r3=AD977E80..AD977E80 r4=00000000..00000001 r5=0000000A..FFFFFFFF r6=00000000..FFFFFFFF r7=0000000A..FE40FFC0 r8=00000000..AD977EB0,leaf of 7-32 instructions: stores r4 (small value) into the device's render state block and sets a dirty bit; called from the engine's state cache (0x8270E5xx)
8291C0E8,,,,0.00,0.00,0.00,0,00000000,3,,,,
8291C0F8,D3DDevice_SetRenderState_* (one state),medium,yes,81.00,81.00,81.20,478550,8270E648,9,,,r3=AD977E80..AD977E80 r4=00000003..00000003 r5=0000000A..FFFFFFFF r6=00000000..FFFFFFFF r7=0000000A..FE40FFC0 r8=00000000..000060C0,leaf of 7-32 instructions: stores r4 (small value) into the device's render state block and sets a dirty bit; called from the engine's state cache (0x8270E5xx)
8291C120,,,,0.00,0.00,0.00,0,00000000,3,,,,
8291C130,D3DDevice_SetRenderState_* (one state),medium,yes,0.00,0.00,4.01,11850,826E03FC,14,,,r3=AD977E80..AD977E80 r4=00000000..00000001 r5=0000000A..FFFFFFFF r6=00000000..FFFFFFFF r7=00A80000..FE40FFC0 r8=000000AC..AD977EEC,leaf of 7-32 instructions: stores r4 (small value) into the device's render state block and sets a dirty bit; called from the engine's state cache (0x8270E5xx)
8291C168,,,,0.00,0.00,0.00,0,00000000,2,,,,
8291C170,D3DDevice_SetRenderState_* (one state),medium,yes,0.00,0.00,6.02,17774,826E03FC,9,,,r3=AD977E80..AD977E80 r4=00000000..00000001 r5=0000000A..FFFFFFFF r6=00000000..FFFFFFFF r7=00A80000..FE40FFC0 r8=000000B0..AD977EF0,leaf of 7-32 instructions: stores r4 (small value) into the device's render state block and sets a dirty bit; called from the engine's state cache (0x8270E5xx)
8291C198,,,,0.00,0.00,0.00,0,00000000,3,,,,
8291C1A8,,,yes,0.00,0.00,2.01,5925,826E03FC,7,,,r3=AD977E80..AD977E80 r4=00000003..00000007 r5=0000000A..FFFFFFFF r6=00000000..FFFFFFFF r7=00A80000..FE40FFC0 r8=000000C0..AD977F00,
8291C1C8,,,,0.00,0.00,0.00,0,00000000,3,,,,
8291C1D8,,,yes,0.00,0.00,0.00,2,826E282C,9,,,r3=AD977E80..AD977E80 r4=00000000..00000000 r5=000005F0..FFFFFFFF r6=00000000..FFFFFFFF r7=00A80000..FE40FFC0 r8=000000B4..00000400,
8291C200,,,,0.00,0.00,0.00,0,00000000,3,,,,
8291C210,,,yes,0.00,0.00,0.00,2,826E2820,9,,,r3=AD977E80..AD977E80 r4=00000000..00000000 r5=000005F0..FFFFFFFF r6=00000000..FFFFFFFF r7=00A80000..FE40FFC0 r8=000000B8..00000400,
8291C238,,,,0.00,0.00,0.00,0,00000000,3,,,,
8291C248,,,yes,0.00,0.00,2.01,5926,826E03FC,7,,,r3=AD977E80..AD977E80 r4=00000000..00000006 r5=0000000A..FFFFFFFF r6=00000000..FFFFFFFF r7=00A80000..FE40FFC0 r8=000000BC..AD977EFC,
8291C268,,,,0.00,0.00,0.00,0,00000000,3,,,,
8291C278,,,yes,0.00,0.00,2.01,5925,826E03FC,7,,,r3=AD977E80..AD977E80 r4=00000003..00000007 r5=0000000A..FFFFFFFF r6=00000000..FFFFFFFF r7=00A80000..FE40FFC0 r8=000000DC..AD977F1C,
8291C298,,,,0.00,0.00,0.00,0,00000000,3,,,,
8291C2A8,,,yes,0.00,0.00,0.00,2,826E285C,9,,,r3=AD977E80..AD977E80 r4=00000000..00000000 r5=000005F0..FFFFFFFF r6=00000000..FFFFFFFF r7=00A80000..FE40FFC0 r8=000000D0..00000400,
8291C2D0,,,,0.00,0.00,0.00,0,00000000,3,,,,
8291C2E0,,,yes,0.00,0.00,0.00,2,826E2850,9,,,r3=AD977E80..AD977E80 r4=00000000..00000000 r5=000005F0..FFFFFFFF r6=00000000..FFFFFFFF r7=00A80000..FE40FFC0 r8=000000D4..00000400,
8291C308,,,,0.00,0.00,0.00,0,00000000,3,,,,
8291C318,,,yes,0.00,0.00,2.01,5926,826E03FC,7,,,r3=AD977E80..AD977E80 r4=00000000..00000007 r5=0000000A..FFFFFFFF r6=00000000..FFFFFFFF r7=00A80000..FE40FFC0 r8=000000D8..AD977F18,
8291C338,,,,0.00,0.00,0.00,0,00000000,3,,,,
8291C348,,,yes,0.00,0.00,2.01,5926,826E03FC,5,,,r3=AD977E80..AD977E80 r4=00000000..00000001 r5=0000000A..FFFFFFFF r6=00000000..FFFFFFFF r7=00A80000..FE40FFC0 r8=000000C4..AD977F04,
8291C360,,,,0.00,0.00,0.00,0,00000000,2,,,,
8291C368,,,yes,0.00,0.00,0.00,2,826E2878,5,,,r3=AD977E80..AD977E80 r4=FFFFFFFF..FFFFFFFF r5=000005F0..FFFFFFFF r6=00000000..FFFFFFFF r7=00A80000..FE40FFC0 r8=000000C8..00000400,
8291C380,,,,0.00,0.00,0.00,0,00000000,2,,,,
8291C388,,,yes,0.00,0.00,0.00,2,826E2884,5,,,r3=AD977E80..AD977E80 r4=FFFFFFFF..FFFFFFFF r5=000005F0..FFFFFFFF r6=00000000..FFFFFFFF r7=00A80000..FE40FFC0 r8=000000CC..00000400,
8291C3A0,,,,0.00,0.00,0.00,0,00000000,2,,,,
8291C3A8,,,yes,0.00,0.00,2.01,5925,826E03FC,5,,,r3=AD977E80..AD977E80 r4=00000000..00000001 r5=0000000A..000005F0 r6=00000000..000090E8 r7=8291C3A8..FE40FFC0 r8=000000E0..AD977F20,
8291C3C0,,,,0.00,0.00,0.00,0,00000000,2,,,,
8291C3C8,,,yes,0.00,0.00,0.00,1,82927554,5,,,r3=AD977E80..AD977E80 r4=FFFFFFFF..FFFFFFFF r5=000005F0..000005F0 r6=00000000..00000000 r7=FE40FFC0..FE40FFC0 r8=000000E4..000000E4,
8291C3E0,,,,0.00,0.00,0.00,0,00000000,2,,,,
8291C3E8,,,yes,0.00,0.00,0.00,1,82927554,5,,,r3=AD977E80..AD977E80 r4=FFFFFFFF..FFFFFFFF r5=000005F0..000005F0 r6=00000000..00000000 r7=FE40FFC0..FE40FFC0 r8=000000E8..000000E8,
8291C400,,,,0.00,0.00,0.00,0,00000000,2,,,,
8291C408,,,yes,0.00,0.00,0.00,1,82927554,17,,,r3=AD977E80..AD977E80 r4=00000000..00000000 r5=000005F0..000005F0 r6=00000000..00000000 r7=FE40FFC0..FE40FFC0 r8=000000EC..000000EC,
8291C450,,,,0.00,0.00,0.00,0,00000000,3,,,,
8291C460,,,,0.00,0.00,0.00,0,00000000,2,,,,
8291C468,,,yes,0.00,0.00,0.00,1,82927554,41,,,r3=AD977E80..AD977E80 r4=00000000..00000000 r5=00000000..00000000 r6=00000500..00000500 r7=000002D0..000002D0 r8=0000010C..0000010C,
8291C510,,,,0.00,0.00,0.00,0,00000000,7,,,,
8291C530,,,yes,0.00,0.00,0.00,1,82927554,38,,,r3=AD977E80..AD977E80 r4=00000000..00000000 r5=00000000..00000000 r6=00000500..00000500 r7=000002D0..000002D0 r8=00000110..00000110,
8291C5C8,,,,0.00,0.00,0.00,0,00000000,4,,,,
8291C5D8,,,yes,0.00,0.00,0.00,1,82927554,7,,,r3=AD977E80..AD977E80 r4=00000001..00000001 r5=000005F0..000005F0 r6=00000000..00000000 r7=FE40FFC0..FE40FFC0 r8=00000100..00000100,
8291C5F8,,,,0.00,0.00,0.00,0,00000000,3,,,,
8291C608,,,yes,0.00,0.00,0.00,1,82927554,6,,,r3=AD977E80..AD977E80 r4=FFFFFFFF..FFFFFFFF r5=000005F0..000005F0 r6=00000000..00000000 r7=FE40FFC0..FE40FFC0 r8=00000104..00000104,
8291C620,,,,0.00,0.00,0.00,0,00000000,2,,,,
8291C628,,,yes,0.00,0.00,2.01,5926,826E03FC,14,,,r3=AD977E80..AD977E80 r4=00000000..0000000F r5=00000000..FFFFFFFF r6=00000500..FFFFFFFF r7=000002D0..8291C628 r8=00000114..AD977F54,
8291C660,,,,0.00,0.00,0.00,0,00000000,2,,,,
8291C668,,,yes,0.00,0.00,0.00,1,82927554,14,,,r3=AD977E80..AD977E80 r4=0000000F..0000000F r5=00000000..00000000 r6=00000500..00000500 r7=000002D0..000002D0 r8=00000118..00000118,
8291C6A0,,,,0.00,0.00,0.00,0,00000000,2,,,,
8291C6A8,,,yes,0.00,0.00,0.00,1,82927554,14,,,r3=AD977E80..AD977E80 r4=0000000F..0000000F r5=00000000..00000000 r6=00000500..00000500 r7=000002D0..000002D0 r8=0000011C..0000011C,
8291C6E0,,,,0.00,0.00,0.00,0,00000000,2,,,,
8291C6E8,,,yes,0.00,0.00,0.00,1,82927554,14,,,r3=AD977E80..AD977E80 r4=0000000F..0000000F r5=00000000..00000000 r6=00000500..00000500 r7=000002D0..000002D0 r8=00000120..00000120,
8291C720,,,,0.00,0.00,0.00,0,00000000,2,,,,
8291C728,,,yes,0.00,0.00,0.00,1,82927554,2,,,r3=AD977E80..AD977E80 r4=00000000..00000000 r5=000005F0..000005F0 r6=00000000..00000000 r7=FE40FFC0..FE40FFC0 r8=000000F8..000000F8,
8291C730,,,,0.00,0.00,0.00,0,00000000,2,,,,
8291C738,,,yes,0.00,0.00,0.00,1,82927554,18,,,r3=AD977E80..AD977E80 r4=3F800000..3F800000 r5=000005F0..000005F0 r6=00000000..00000000 r7=FE40FFC0..FE40FFC0 r8=000000F0..000000F0,
8291C780,,,,0.00,0.00,0.00,0,00000000,4,,,,
8291C790,,,yes,0.00,0.00,0.00,1,82927554,16,,,r3=AD977E80..AD977E80 r4=3F800000..3F800000 r5=000005F0..000005F0 r6=00000000..00000000 r7=FE40FFC0..FE40FFC0 r8=000000F4..000000F4,
8291C7D0,,,,0.00,0.00,0.00,0,00000000,4,,,,
8291C7E0,,,yes,0.00,0.00,0.00,1,82927554,16,,,r3=AD977E80..AD977E80 r4=42800000..42800000 r5=000005F0..000005F0 r6=00000000..00000000 r7=FE40FFC0..FE40FFC0 r8=000000FC..000000FC,
8291C820,,,,0.00,0.00,0.00,0,00000000,4,,,,
8291C830,,,yes,0.00,0.00,0.00,1,82927554,8,,,r3=AD977E80..AD977E80 r4=00000000..00000000 r5=00000000..00000000 r6=00000500..00000500 r7=000002D0..000002D0 r8=00000130..00000130,
8291C850,,,yes,0.00,0.00,0.00,1,82927554,9,,,r3=AD977E80..AD977E80 r4=00000000..00000000 r5=00000000..00000000 r6=00000500..00000500 r7=000002D0..000002D0 r8=00000134..00000134,
8291C878,,,yes,0.00,0.00,0.00,1,82927554,9,,,r3=AD977E80..AD977E80 r4=00000000..00000000 r5=00000000..00000000 r6=00000500..00000500 r7=000002D0..000002D0 r8=00000138..00000138,
8291C8A0,,,yes,0.00,0.00,0.00,1,82927554,9,,,r3=AD977E80..AD977E80 r4=00000000..00000000 r5=00000000..00000000 r6=00000500..00000500 r7=000002D0..000002D0 r8=0000013C..0000013C,
8291C8C8,,,yes,0.00,0.00,0.00,1,82927554,9,,,r3=AD977E80..AD977E80 r4=00000000..00000000 r5=00000000..00000000 r6=00000500..00000500 r7=000002D0..000002D0 r8=00000140..00000140,
8291C8F0,,,yes,0.00,0.00,0.00,1,82927554,9,,,r3=AD977E80..AD977E80 r4=00000000..00000000 r5=00000000..00000000 r6=00000500..00000500 r7=000002D0..000002D0 r8=00000144..00000144,
8291C918,,,yes,0.00,0.00,0.00,1,82927554,9,,,r3=AD977E80..AD977E80 r4=00000000..00000000 r5=00000000..00000000 r6=00000500..00000500 r7=000002D0..000002D0 r8=00000148..00000148,
8291C940,,,yes,0.00,0.00,0.00,1,82927554,7,,,r3=AD977E80..AD977E80 r4=00000000..00000000 r5=00000000..00000000 r6=00000500..00000500 r7=000002D0..000002D0 r8=0000014C..0000014C,
8291C960,,,yes,0.00,0.00,0.00,1,82927554,8,,,r3=AD977E80..AD977E80 r4=00000000..00000000 r5=00000000..00000000 r6=00000500..00000500 r7=000002D0..000002D0 r8=00000150..00000150,
8291C980,,,yes,0.00,0.00,0.00,1,82927554,9,,,r3=AD977E80..AD977E80 r4=00000000..00000000 r5=00000000..00000000 r6=00000500..00000500 r7=000002D0..000002D0 r8=00000154..00000154,
8291C9A8,,,yes,0.00,0.00,0.00,1,82927554,9,,,r3=AD977E80..AD977E80 r4=00000000..00000000 r5=00000000..00000000 r6=00000500..00000500 r7=000002D0..000002D0 r8=00000158..00000158,
8291C9D0,,,yes,0.00,0.00,0.00,1,82927554,9,,,r3=AD977E80..AD977E80 r4=00000000..00000000 r5=00000000..00000000 r6=00000500..00000500 r7=000002D0..000002D0 r8=0000015C..0000015C,
8291C9F8,,,yes,0.00,0.00,0.00,1,82927554,9,,,r3=AD977E80..AD977E80 r4=00000000..00000000 r5=00000000..00000000 r6=00000500..00000500 r7=000002D0..000002D0 r8=00000160..00000160,
8291CA20,,,yes,0.00,0.00,0.00,1,82927554,9,,,r3=AD977E80..AD977E80 r4=00000000..00000000 r5=00000000..00000000 r6=00000500..00000500 r7=000002D0..000002D0 r8=00000164..00000164,
8291CA48,,,yes,0.00,0.00,0.00,1,82927554,9,,,r3=AD977E80..AD977E80 r4=00000000..00000000 r5=00000000..00000000 r6=00000500..00000500 r7=000002D0..000002D0 r8=00000168..00000168,
8291CA70,,,yes,0.00,0.00,0.00,1,82927554,7,,,r3=AD977E80..AD977E80 r4=00000000..00000000 r5=00000000..00000000 r6=00000500..00000500 r7=000002D0..000002D0 r8=0000016C..0000016C,
8291CA90,,,,0.00,0.00,0.00,0,00000000,3,,,,
8291CAA0,,,,0.00,0.00,0.00,0,00000000,3,,,,
8291CAB0,,,,0.00,0.00,0.00,0,00000000,3,,,,
8291CAC0,,,,0.00,0.00,0.00,0,00000000,3,,,,
8291CAD0,,,,0.00,0.00,0.00,0,00000000,3,,,,
8291CAE0,,,,0.00,0.00,0.00,0,00000000,3,,,,
8291CAF0,,,,0.00,0.00,0.00,0,00000000,3,,,,
8291CB00,,,,0.00,0.00,0.00,0,00000000,3,,,,
8291CB10,,,,0.00,0.00,0.00,0,00000000,3,,,,
8291CB20,,,,0.00,0.00,0.00,0,00000000,3,,,,
8291CB30,,,,0.00,0.00,0.00,0,00000000,3,,,,
8291CB40,,,,0.00,0.00,0.00,0,00000000,3,,,,
8291CB50,,,,0.00,0.00,0.00,0,00000000,3,,,,
8291CB60,,,,0.00,0.00,0.00,0,00000000,3,,,,
8291CB70,,,,0.00,0.00,0.00,0,00000000,3,,,,
8291CB80,,,,0.00,0.00,0.00,0,00000000,3,,,,
8291CB90,,,yes,0.00,0.00,2.01,6126,826E03FC,16,,,r3=AD977E80..AD977E80 r4=00000000..00000001 r5=00000000..FFFFFFFF r6=0000004C..FFFFFFFF r7=000002D0..8291CB90 r8=00000170..AD977FB0,
8291CBD0,,,,0.00,0.00,0.00,0,00000000,3,,,,
8291CBE0,,,yes,0.00,0.00,0.00,1,82927554,36,,,r3=AD977E80..AD977E80 r4=00000000..00000000 r5=00000000..00000000 r6=00000500..00000500 r7=000002D0..000002D0 r8=00000174..00000174,
8291CC70,,,,0.00,0.00,0.00,0,00000000,2,,,,
8291CC78,,,yes,0.00,0.00,0.00,1,82927554,36,,,r3=AD977E80..AD977E80 r4=00000000..00000000 r5=00000000..00000000 r6=00000500..00000500 r7=000002D0..000002D0 r8=00000178..00000178,
8291CD08,,,,0.00,0.00,0.00,0,00000000,2,,,,
8291CD10,,,yes,0.00,0.00,0.00,1,82927554,36,,,r3=AD977E80..AD977E80 r4=00000000..00000000 r5=00000000..00000000 r6=00000500..00000500 r7=000002D0..000002D0 r8=0000017C..0000017C,
8291CDA0,,,,0.00,0.00,0.00,0,00000000,2,,,,
8291CDA8,,,yes,0.00,0.00,0.00,1,82927554,36,,,r3=AD977E80..AD977E80 r4=00000000..00000000 r5=00000000..00000000 r6=00000500..00000500 r7=000002D0..000002D0 r8=00000180..00000180,
8291CE38,,,,0.00,0.00,0.00,0,00000000,2,,,,
8291CE40,,,yes,0.00,0.00,0.00,1,82927554,9,,,r3=AD977E80..AD977E80 r4=3F800000..3F800000 r5=00000000..00000000 r6=00000500..00000500 r7=000002D0..000002D0 r8=00000128..00000128,
8291CE68,,,,0.00,0.00,0.00,0,00000000,4,,,,
8291CE78,,,yes,0.00,0.00,0.00,1,82927554,9,,,r3=AD977E80..AD977E80 r4=3F800000..3F800000 r5=00000000..00000000 r6=00000500..00000500 r7=000002D0..000002D0 r8=0000012C..0000012C,
8291CEA0,,,,0.00,0.00,0.00,0,00000000,4,,,,
8291CEB0,,,yes,0.00,0.00,0.00,1,82927554,9,,,r3=AD977E80..AD977E80 r4=00000001..00000001 r5=00000000..00000000 r6=00000500..00000500 r7=000002D0..000002D0 r8=00000124..00000124,
8291CED8,,,,0.00,0.00,0.00,0,00000000,3,,,,
8291CEE8,,,yes,0.00,0.00,0.00,1,82927554,9,,,r3=AD977E80..AD977E80 r4=00000000..00000000 r5=00000000..00000000 r6=00000500..00000500 r7=000002D0..000002D0 r8=00000184..00000184,
8291CF10,,,,0.00,0.00,0.00,0,00000000,3,,,,
8291CF20,,,yes,0.00,0.00,0.00,2,826E26B4,7,,,r3=AD977E80..AD977E80 r4=00000000..00000001 r5=00000000..AEBBFE00 r6=00000000..00000500 r7=000002D0..AEBBFE00 r8=00000188..0000CF6F,
8291CF40,,,,0.00,0.00,0.00,0,00000000,3,,,,
8291CF50,,,yes,0.00,0.00,0.00,2,826E26C4,7,,,r3=AD977E80..AD977E80 r4=0000FFFF..0000FFFF r5=00000000..AEBBFE00 r6=00000000..00000500 r7=000002D0..AEBBFE00 r8=0000018C..0000CF6F,
8291CF70,,,,0.00,0.00,0.00,0,00000000,2,,,,
8291CF78,,,yes,0.00,0.00,0.00,1,82927554,7,,,r3=AD977E80..AD977E80 r4=00000000..00000000 r5=00000000..00000000 r6=00000500..00000500 r7=000002D0..000002D0 r8=00000190..00000190,
8291CF98,,,,0.00,0.00,0.00,0,00000000,3,,,,
8291CFA8,,,yes,0.00,0.00,0.00,1,82927554,7,,,r3=AD977E80..AD977E80 r4=00000087..00000087 r5=00000000..00000000 r6=00000500..00000500 r7=000002D0..000002D0 r8=00000194..00000194,
8291CFC8,,,,0.00,0.00,0.00,0,00000000,2,,,,
8291CFD0,,,yes,0.00,0.00,0.00,1,82927554,9,,,r3=AD977E80..AD977E80 r4=40000000..40000000 r5=00000000..00000000 r6=00000500..00000500 r7=000002D0..000002D0 r8=00000198..00000198,
8291CFF8,,,,0.00,0.00,0.00,0,00000000,2,,,,
8291D000,,,yes,0.00,0.00,0.00,1,82927554,9,,,r3=AD977E80..AD977E80 r4=40000000..40000000 r5=00000000..00000000 r6=00000500..00000500 r7=000002D0..000002D0 r8=0000019C..0000019C,
8291D028,,,,0.00,0.00,0.00,0,00000000,2,,,,
8291D030,,,yes,0.00,0.00,0.00,1,82927554,7,,,r3=AD977E80..AD977E80 r4=3F800000..3F800000 r5=00000000..00000000 r6=00000500..00000500 r7=000002D0..000002D0 r8=000001A0..000001A0,
8291D050,,,,0.00,0.00,0.00,0,00000000,2,,,,
8291D058,,,yes,0.00,0.00,0.00,1,82927554,9,,,r3=AD977E80..AD977E80 r4=3F800000..3F800000 r5=00000000..00000000 r6=00000500..00000500 r7=000002D0..000002D0 r8=000001A4..000001A4,
8291D080,,,,0.00,0.00,0.00,0,00000000,2,,,,
8291D088,,,yes,0.00,0.00,0.00,1,82927554,7,,,r3=AD977E80..AD977E80 r4=00000002..00000002 r5=00000000..00000000 r6=00000500..00000500 r7=000002D0..000002D0 r8=000001C0..000001C0,
8291D0A8,,,,0.00,0.00,0.00,0,00000000,3,,,,
8291D0B8,,,yes,0.00,0.00,0.00,1,82927554,21,,,r3=AD977E80..AD977E80 r4=00000002..00000002 r5=00000000..00000000 r6=00000500..00000500 r7=000002D0..000002D0 r8=000001C4..000001C4,
8291D110,,,,0.00,0.00,0.00,0,00000000,3,,,,
8291D120,,,yes,0.00,0.00,0.00,1,82927554,7,,,r3=AD977E80..AD977E80 r4=00000000..00000000 r5=00000000..00000000 r6=00000500..00000500 r7=000002D0..000002D0 r8=000001A8..000001A8,
8291D140,,,,0.00,0.00,0.00,0,00000000,3,,,,
8291D150,,,yes,0.00,0.00,0.00,1,82927554,7,,,r3=AD977E80..AD977E80 r4=00000000..00000000 r5=00000000..00000000 r6=00000500..00000500 r7=000002D0..000002D0 r8=000001AC..000001AC,
8291D170,,,,0.00,0.00,0.00,0,00000000,3,,,,
8291D180,,,yes,0.00,0.00,0.00,1,82927554,7,,,r3=AD977E80..AD977E80 r4=00000000..00000000 r5=00000000..00000000 r6=00000500..00000500 r7=000002D0..000002D0 r8=000001B0..000001B0,
8291D1A0,,,,0.00,0.00,0.00,0,00000000,3,,,,
8291D1B0,,,yes,0.00,0.00,0.00,1,82927554,5,,,r3=AD977E80..AD977E80 r4=00000000..00000000 r5=00000000..00000000 r6=00000500..00000500 r7=000002D0..000002D0 r8=000001B4..000001B4,
8291D1C8,,,,0.00,0.00,0.00,0,00000000,2,,,,
8291D1D0,,,yes,0.00,0.00,0.00,2,82927634,2,,,r3=AD977E80..AD977E80 r4=00000000..00000001 r5=00000000..00000000 r6=00000000..00000500 r7=000002D0..00FF0000 r8=00000001..000001B8,
8291D1D8,,,,0.00,0.00,0.00,0,00000000,2,,,,
8291D1E0,,,yes,0.00,0.00,0.00,1,82927554,4,,,r3=AD977E80..AD977E80 r4=00000000..00000000 r5=00000000..00000000 r6=00000500..00000500 r7=000002D0..000002D0 r8=000001BC..000001BC,
8291D1F0,,,,0.00,0.00,0.00,0,00000000,3,,,,
8291D200,D3DDevice_SetSamplerState_* (one state),medium,yes,0.55,1.98,98.05,290158,826E0434,50,,,r3=AD977E80..AD977E80 r4=00000000..00000019 r5=00000000..00000001 r6=00000000..008C0000 r7=00000000..00000011 r8=00000150..8291D200,"r4=sampler 0..25, r5=small value; ~98/frame, once per sampler change"
8291D2C8,,,,0.00,0.00,0.00,0,00000000,13,,,,
8291D300,,,yes,0.00,0.00,0.00,26,829275BC,37,,,r3=AD977E80..AD977E80 r4=00000000..00000019 r5=00000000..00000000 r6=00000000..00000000 r7=00000010..00000010 r8=00000200..00000200,
8291D398,,,,0.00,0.00,0.00,0,00000000,4,,,,
8291D3A8,D3DDevice_SetSamplerState_* (one state),medium,yes,0.55,1.98,98.05,290158,826E0434,50,,,r3=AD977E80..AD977E80 r4=00000000..00000019 r5=00000000..00000001 r6=00000000..FFFFFFFF r7=00000000..FFFFFFFF r8=00000130..FFFFFFFF,"r4=sampler 0..25, r5=small value; ~98/frame, once per sampler change"
8291D470,,,,0.00,0.00,0.00,0,00000000,13,,,,
8291D4A8,,,yes,0.00,0.00,0.00,26,829275BC,35,,,r3=AD977E80..AD977E80 r4=00000000..00000019 r5=00000000..00000000 r6=00000000..00000000 r7=00000000..00000000 r8=000001FC..000001FC,
8291D538,,,,0.00,0.00,0.00,0,00000000,4,,,,
8291D548,D3DDevice_SetSamplerState_* (one state),medium,yes,0.55,1.98,98.05,290132,826E0434,15,,,r3=AD977E80..AD977E80 r4=00000000..00000019 r5=00000000..00000002 r6=00000000..00400000 r7=00000000..0000000B r8=00000170..8291D548,"r4=sampler 0..25, r5=small value; ~98/frame, once per sampler change"
8291D588,,,,0.00,0.00,0.00,0,00000000,5,,,,
8291D5A0,,,yes,0.00,0.00,0.00,26,829275BC,37,,,r3=AD977E80..AD977E80 r4=00000000..00000019 r5=00000000..00000000 r6=00000000..00000000 r7=00000040..80000000 r8=00000204..00000204,
8291D638,,,,0.00,0.00,0.00,0,00000000,4,,,,
8291D648,,,yes,0.00,0.00,0.00,26,829275BC,26,,,r3=AD977E80..AD977E80 r4=00000000..00000019 r5=00000001..00000001 r6=00000000..00000000 r7=00000000..00000000 r8=000001F8..000001F8,
8291D6B0,,,,0.00,0.00,0.00,0,00000000,3,,,,
8291D6C0,,,yes,0.00,0.00,0.00,26,829275BC,23,,,r3=AD977E80..AD977E80 r4=00000000..00000019 r5=00000000..00000000 r6=00000000..00000000 r7=00000040..80000000 r8=00000210..00000210,
8291D720,,,,0.00,0.00,0.00,0,00000000,17,,,,
8291D768,,,yes,0.00,0.00,0.00,26,829275BC,23,,,r3=AD977E80..AD977E80 r4=00000000..00000019 r5=00000000..00000000 r6=00000000..00000000 r7=00000000..00000000 r8=000001F0..000001F0,
8291D7C8,,,,0.00,0.00,0.00,0,00000000,16,,,,
8291D808,,,yes,0.00,0.00,0.00,26,829275BC,27,,,r3=AD977E80..AD977E80 r4=00000000..00000019 r5=00000000..00000000 r6=00000000..00000000 r7=00000000..00000000 r8=000001F4..000001F4,
8291D878,,,,0.00,0.00,0.00,0,00000000,3,,,,
8291D888,,,yes,0.00,0.00,0.00,26,829275BC,27,,,r3=AD977E80..AD977E80 r4=00000000..00000019 r5=0000000D..0000000D r6=00000000..00000000 r7=00000040..80000000 r8=00000208..00000208,
8291D8F8,,,,0.00,0.00,0.00,0,00000000,3,,,,
8291D908,,,yes,0.00,0.00,0.00,26,829275BC,17,,,r3=AD977E80..AD977E80 r4=00000000..00000019 r5=00000000..00000000 r6=00000080..80000000 r7=00000000..000002D0 r8=000001E0..000001E0,
8291D950,,,,0.00,0.00,0.00,0,00000000,9,,,,
8291D978,D3DDevice_SetSamplerState_* (one state),medium,yes,2.43,4.55,96.04,288009,826E0434,14,,,r3=AD977E80..AD977E80 r4=00000000..00000019 r5=00000000..00000002 r6=00000005..80000000 r7=00000000..000002D0 r8=000001D4..8291D978,"r4=sampler 0..25, r5=small value; ~98/frame, once per sampler change"
8291D9B0,,,,0.00,0.00,0.00,0,00000000,5,,,,
8291D9C8,D3DDevice_SetSamplerState_* (one state),medium,yes,2.43,4.55,96.04,288009,826E0434,14,,,r3=AD977E80..AD977E80 r4=00000000..00000019 r5=00000000..00000002 r6=00000005..80000000 r7=00000000..000002D0 r8=000001D8..8291D9C8,"r4=sampler 0..25, r5=small value; ~98/frame, once per sampler change"
8291DA00,,,,0.00,0.00,0.00,0,00000000,5,,,,
8291DA18,,,yes,0.00,0.00,0.00,26,829275BC,14,,,r3=AD977E80..AD977E80 r4=00000000..00000019 r5=00000000..00000000 r6=00000080..80000000 r7=00000000..000002D0 r8=000001DC..000001DC,
8291DA50,,,,0.00,0.00,0.00,0,00000000,5,,,,
8291DA68,,,yes,0.00,0.00,0.00,26,829275BC,15,,,r3=AD977E80..AD977E80 r4=00000000..00000019 r5=00000000..00000000 r6=00000000..00000000 r7=00000040..80000000 r8=0000020C..0000020C,
8291DAA8,,,,0.00,0.00,0.00,0,00000000,5,,,,
8291DAC0,,,yes,0.00,0.00,0.00,26,829275BC,15,,,r3=AD977E80..AD977E80 r4=00000000..00000019 r5=00000000..00000000 r6=00000000..00000000 r7=00000040..80000000 r8=00000214..00000214,
8291DB00,,,,0.00,0.00,0.00,0,00000000,6,,,,
8291DB18,,,yes,0.00,0.00,0.00,26,829275BC,15,,,r3=AD977E80..AD977E80 r4=00000000..00000019 r5=00000000..00000000 r6=00000000..00000000 r7=00000040..80000000 r8=00000218..00000218,
8291DB58,,,,0.00,0.00,0.00,0,00000000,5,,,,
8291DB70,,,yes,0.00,0.00,0.00,26,829275BC,15,,,r3=AD977E80..AD977E80 r4=00000000..00000019 r5=00000000..00000000 r6=00000000..00000000 r7=00000040..80000000 r8=0000021C..0000021C,
8291DBB0,,,,0.00,0.00,0.00,0,00000000,5,,,,
8291DBC8,,,yes,0.00,0.00,0.00,26,829275BC,17,,,r3=AD977E80..AD977E80 r4=00000000..00000019 r5=00000001..00000001 r6=00000000..00000000 r7=00000040..80000000 r8=00000220..00000220,
8291DC10,,,,0.00,0.00,0.00,0,00000000,6,,,,
8291DC28,D3D internal: scissor/window from surface,low,yes,4.00,4.00,9.01,38601,8291B648,62,,,r3=AD977E80..AD977E80 r4=705CFDE0..AD97B0B4 r5=00000000..FFFFFFFF r6=00000000..FFFFFFFF r7=00000200..FE40FFC0 r8=00000000..02D00000,"r4=rect {0,0,65535,65535}, r5=surface, r7=surface height"
8291DD20,,,yes,0.00,0.00,1.00,3062,8270F578,20,,,r3=AD977E80..AD977E80 r4=705CFD60..705CFD60 r5=0000000A..0000000B r6=0000004E..0000FE21 r7=0000000A..0000000B r8=000004E0..000FE210,
8291DD70,D3DDevice_SetStreamSource,high,yes,0.02,0.00,629.59,1850986,826E0578,72,,,r3=AD977E80..AD977E80 r4=00000000..00000004 r5=00000000..ADE700F0 r6=00000000..00000000 r7=00000000..0000002C r8=00000001..00000002,"r4=stream 0..4, r5=vertex buffer, r6=offset 0, r7=stride 0..44; once per draw"
8291DE90,D3DDevice_SetIndices,medium,yes,0.00,0.00,629.59,1850970,826E0524,36,,,r3=AD977E80..AD977E80 r4=00000000..ADE70130 r5=00000000..0000000B r6=0000006D..0000F93D r7=00000000..0000000B r8=00000000..000F93D0,"r4=index buffer or 0, writes its GPU address; once per draw"
8291DF20,,,yes,0.00,0.00,3.00,8960,826E07C4,17,,,r3=AD977E80..AD977E80 r4=00000000..00000000 r5=0000000A..0000000B r6=00000005..00000052 r7=0000000A..0000000B r8=00000050..00000520,
8291DF68,,,yes,0.00,0.00,3.00,8961,826E081C,15,,,r3=AD977E80..AD977E80 r4=00000000..AE550540 r5=0000000A..00000018 r6=00000007..AEC8EFC8 r7=0000000A..82060000 r8=00000070..82050000,
8291DFA8,,,yes,0.00,0.00,0.00,1,826D9098,15,,,r3=AD977E80..AD977E80 r4=00000000..00000000 r5=00000018..00000018 r6=AEC8EFC8..AEC8EFC8 r7=82060000..82060000 r8=82050000..82050000,
8291DFE8,,,yes,0.01,0.00,0.00,5,8270CDDC,52,,KeGetCurrentProcessType,r3=AD977E80..AD977E80 r4=00000000..00000002 r5=7030F490..AEC8F500 r6=00000000..82070000 r7=00000000..82000000 r8=00000500..82040000,
8291E0B8,,,,0.00,0.00,0.00,0,00000000,52,,KeGetCurrentProcessType,,
8291E188,,,yes,1.00,1.00,1.00,5910,8291B54C,61,,,r3=AD977E80..AD977E80 r4=00000000..00000000 r5=00001000..82930000 r6=7030F2B4..82930000 r7=7030F2C0..82930000 r8=00000000..00000800,
8291E280,D3D internal: viewport from surface (2),low,yes,3.00,3.00,8.01,32689,8291B63C,150,,,r3=AD977E80..AD977E80 r4=705CFDF0..820726D0 r5=000000CE..ADE702F0 r6=00000000..000E0000 r7=00000000..00000000 r8=0000FFFF..12340000,same arguments as 8291E4E8
8291E4D8,,,yes,0.00,0.00,0.00,2,826E28CC,3,,,r3=AD977E80..AD977E80 r4=00000000..00000000 r5=000005F0..FFFFFFFF r6=00000000..FFFFFFFF r7=00A80000..FE40FFC0 r8=00000108..00000400,
8291E4E8,D3D internal: viewport from surface,low,yes,2.00,2.00,7.01,26779,8291E7B4,32,,,r3=AD977E80..AD977E80 r4=820726D0..820726D0 r5=AD97E550..ADE702F0 r6=00000000..000E0000 r7=00000000..00000000 r8=00000000..FFFFFFFF,"r4=default viewport {0,0,65535,65535,0,1.0}, r5=surface"
8291E568,,,yes,1.00,1.00,1.00,5910,8291B63C,8,,,r3=AD977E80..AD977E80 r4=705CFDF0..705CFDF0 r5=000000CE..000387FD r6=000000CE..000387FD r7=00000000..00000000 r8=12340000..12340000,
8291E588,D3D internal: render target setup (surface),low,yes,2.00,2.00,7.01,26779,8291E7B4,36,,,r3=AD977E80..AD977E80 r4=AD97E550..ADE702F0 r5=AD97E550..ADE702F0 r6=00000000..000E0000 r7=00000000..00000000 r8=00020107..00020107,r4=r5=surface; follows SetRenderTarget
8291E618,D3DDevice_SetRenderTarget,medium,yes,2.00,2.00,7.01,26779,8291B5B4,211,,,r3=AD977E80..AD977E80 r4=00000000..00000000 r5=AD97E550..ADE702F0 r6=00000000..ADE6C8C0 r7=00000000..0004F46A r8=00000000..AD97E614,"r4=render target index 0, r5=surface (resource type 4); starts every pass"
8291E968,,,yes,1.00,1.00,5.00,17907,826D8AD4,182,,,r3=AD977E80..AD977E80 r4=AD97E8F0..ADE70340 r5=00000000..00000078 r6=00000001..00000C28 r7=0000000A..FFFF0000 r8=000000B0..AD97E670,
8291EC40,,,yes,1.00,1.00,6.00,20868,826D8AC8,1,,,r3=AD977E80..AD977E80 r4=00000000..00000000 r5=AD97E550..ADE702F0 r6=00000000..ADE6C8C0 r7=00000000..0004F46A r8=00000000..AD977E08,
8291EC48,D3D internal: rect-list draw (Clear quad),high,yes,1.00,1.00,7.00,23760,8291F11C,174,DRAW_INDX_2,,r3=AD977E80..AD977E80 r4=00000001..00000001 r5=705CF9B0..705CFA40 r6=705CFD60..705CFDF0 r7=00000200..C0003601 r8=04020118..0A020280,"DRAW_INDX_2; follows every Clear, sized to the render target"
8291EF00,"D3D internal: Clear setup (width, height)",medium,yes,1.00,1.00,5.00,17836,8291F518,154,,,r3=AD977E80..AD977E80 r4=00000000..00000000 r5=00000000..00000000 r6=00000200..00000500 r7=00000200..00000460 r8=705CFD60..705CFDF0,between Clear and its rect draw; r6/r7 = render target size
8291F168,D3DDevice_Clear,high,yes,1.00,1.00,5.00,17836,8291FD20,359,,,r3=AD977E80..AD977E80 r4=0000000F..0000003F r5=00000000..00000000 r6=00000000..00000000 r7=00000000..00000000 r8=00000200..00000500,"r4=flags 0x0F (colour) / 0x3F (colour+depth+stencil); once per render target at the start of each pass (frame log), each followed by a full-surface rect draw (8291EC48); helpers 8291FEB0, 8291FD88, 8291F708 (clear shaders)"
8291F708,,,yes,1.00,1.00,5.00,17836,8291FE9C,416,IM_LOAD_IMMEDIATE,,r3=AD977E80..AD977E80 r4=0000000F..0000003F r5=705CFCF0..705CFD80 r6=705CFD60..705CFDF0 r7=AD97E550..ADE702F0 r8=00000000..00000000,
8291FD88,,,yes,1.00,1.00,5.00,17836,8291FF24,74,,,r3=AD977E80..AD977E80 r4=0000000F..0000003F r5=00000000..00000000 r6=705CFD60..705CFDF0 r7=00000000..FFFFFFFF r8=00000000..00000000,
8291FEB0,,,yes,1.00,1.00,5.00,17836,826E09E0,47,,,r3=AD977E80..AD977E80 r4=00000000..00000000 r5=00000000..00000000 r6=0000000F..0000003F r7=00000000..FFFFFFFF r8=AEC8EF20..FF000000,
8291FF70,,,,0.00,0.00,0.00,1,82921660,332,,,r3=00000002..00000002 r4=AD97AED0..AD97AED0 r5=00000000..00000000 r6=00000040..00000040 r7=00000000..00000000 r8=00000000..00000000,
829204A0,,,yes,0.00,0.00,0.00,1,82921274,118,IM_LOAD_IMMEDIATE,,r3=AD977E80..AD977E80 r4=F0D2D000..F0D2D000 r5=F0D2F000..F0D2F000 r6=0F000000..0F000000 r7=13540000..13540000 r8=00000020..00000020,
82920678,D3D internal: GPR allocation packet,medium,yes,1.00,1.00,16.00,50459,829211E0,70,,,r3=AD977E80..AD977E80 r4=00000000..00000000 r5=00000000..00000040 r6=00001070..00004040 r7=0000004A..0000004A r8=10D2E140..10D2ED40,follows every 82921100
82920790,,,yes,0.00,0.00,0.00,97,829212B8,24,,,r3=AD977E80..AD977E80 r4=00000010..00000070 r5=F0D2D140..F0D2E940 r6=F0D2F000..F0D2F000 r7=00000000..00078D00 r8=0000000D..00000051,
829207F0,,,,0.00,0.00,0.00,0,00000000,3,,,,
82920800,D3DDevice_SetPixelShaderConstantF,high,yes,17.43,67.18,5339.53,16729957,826E06EC,54,,,r3=AD977E80..AD977E80 r4=00000000..000000DF r5=ADF401A0..AE6692F0 r6=00000001..0000003C r7=00000000..C0000000 r8=00000000..00000037,"r4=start register 0..223 (pixel shaders have 224), r5=data, r6=count; ~5300/frame"
829208D8,D3DDevice_SetVertexShaderConstantF,high,yes,0.00,0.00,5898.16,17295014,826E0724,54,,,r3=AD977E80..AD977E80 r4=00000000..000000F8 r5=ADF40020..AE649720 r6=00000001..0000000C r7=00000000..01000000 r8=00000000..0000003E,"r4=start register 0..248, r5=data, r6=vector4 count 1..12; ~5900/frame"
829209B0,D3DDevice_SetVertexShaderConstantB,medium,yes,0.00,0.00,1038.89,3018857,826E0708,23,,,r3=AD977E80..AD977E80 r4=00000000..00000010 r5=ADF40570..AE647B20 r6=00000001..00000004 r7=0000000A..0000000B r8=00000550..000F7B00,packs r6 BOOLs from r5 into a device bitfield at bit r4 (0..16)
82920A10,D3DDevice_SetPixelShaderConstantB,medium,yes,0.00,0.00,601.57,1766168,826E0740,23,,,r3=AD977E80..AD977E80 r4=00000010..0000001A r5=ADF41210..AE648460 r6=00000001..00000004 r7=0000000A..0000000B r8=000011F0..000F8440,same as 829209B0 for registers 16..26
82920A70,,,,0.00,0.00,0.00,0,00000000,21,,,,
82920AC8,,,,0.00,0.00,0.00,0,00000000,21,,,,
82920B20,,,,0.00,0.00,0.00,408,8292143C,14,,,r3=AD984D70..ADE519D0 r4=EFB74000..EFDDC000 r5=00000000..00000808 r6=00000000..00000000 r7=00000000..00000000 r8=00000000..FFFFFFFF,
82920B58,D3DDevice_SetPixelShader,high,yes,6.28,23.38,287.36,875272,82969110,111,,,r3=AD977E80..AD977E80 r4=AD9863E0..ADE025F0 r5=0003FFFC..ADDAEF04 r6=AD985304..ADDB58C4 r7=00000010..ADDB58C4 r8=00000004..ADDB57A0,"r4 = pixel shader object (type 7, embeds its 0x102A1100 container header); stored at device+0x3244; ~287/frame"
82920D18,,,,0.00,0.00,0.00,0,00000000,18,,,,
82920D60,D3DDevice_SetVertexShader,high,yes,6.28,23.38,287.36,875272,82969100,115,,,r3=AD977E80..AD977E80 r4=AD985FC0..ADDFCFA0 r5=0003FFFC..ADDAEF04 r6=AD985304..ADDB58C4 r7=00000010..ADDB58C4 r8=00000004..ADDB57A0,r4 = vertex shader object (type 6); stored at device+0x3248; ~287/frame
82920F30,,,,0.00,0.00,0.00,0,00000000,18,,,,
82920F78,D3DDevice_SetVertexDeclaration,medium,yes,6.28,23.38,248.22,759500,826E04E0,5,,,r3=AD977E80..AD977E80 r4=AD97E940..ADE70390 r5=0000000A..000002D0 r6=00000024..000118DE r7=0000000A..AED37E40 r8=00000240..AED37E40,"stores r4 (pointer) at device+11992, sets dirty bit 0x80000"
82920F90,,,,0.00,0.00,0.00,26,829210E4,59,,,r3=820022A0..8206D93C r4=AD97E940..ADE70400 r5=00000000..00000003 r6=AD977E00..ADE6C6A0 r7=00000018..00000090 r8=00000003..00000012,
82921080,,,,0.00,0.00,0.00,26,826DDBA0,32,,,r3=820022A0..8206D93C r4=0000D003..000274B6 r5=AEBBFE00..AEE03940 r6=00000000..00000000 r7=AEBBFE00..AEBBFE00 r8=0000DD0B..000274BD,
82921100,D3DDevice_SetShaderGPRAllocation,high,yes,1.00,1.00,16.00,50459,826D8AF0,58,,,r3=AD977E80..AD977E80 r4=00000000..00000000 r5=00000000..00000040 r6=00000000..00000070 r7=0000000A..00FF0000 r8=00000000..02D00000,"r5 + r6 always = 128 (48+80, 32+96, 16+112, 64+64): the Xenos 128 GPRs split between vertex and pixel shaders; before each batch of draws"
829211E8,,,,0.00,0.00,0.00,1804,82966254,18,,,r3=AD98440C..ADE1E130 r4=00000000..00000001 r5=7030F9E0..7030F9F0 r6=00000000..ADCC6CF0 r7=00000000..ADE19340 r8=00000000..ADE19C70,
82921230,,,yes,0.00,0.00,0.00,1,82927D94,75,DRAW_INDX_2,,r3=AD977E80..AD977E80 r4=00000011..00000011 r5=7030FA90..7030FA90 r6=82160108..82160108 r7=82932C80..82932C80 r8=AD97AC04..AD97AC04,
82921360,D3DDevice_CreatePixelShader,certain,,0.00,0.00,0.00,408,829652F8,60,,,r3=AD98450C..ADE1E130 r4=EFB75000..F352F030 r5=00000000..000007A8 r6=00000000..00000000 r7=00000000..00000FC8 r8=0000000A..FFFF0000,receives every pixel shader container (flags bit0=0) in r3
82921450,,,,0.00,0.00,0.00,210,82921620,62,,,r3=AD984950..ADE4E7B0 r4=EFB84000..F352F000 r5=00000000..00000718 r6=00000000..00000000 r7=00000000..00000000 r8=00000000..FFFFFFFF,
82921548,D3DDevice_CreateVertexShader,certain,,0.00,0.00,0.00,210,829652A8,60,,,r3=AD98440C..ADE1931C r4=AD9848F0..EFDD80C0 r5=00000000..0000001B r6=00000000..ADE04644 r7=00000000..ADE1F682 r8=0000000A..ADE02A80,receives every vertex shader container (flags bit0=1) in r3
82921638,,,yes,0.00,0.00,0.00,1,82927628,19,,,r3=AD977E80..AD977E80 r4=00000002..00000002 r5=00000000..00000000 r6=00000040..00000040 r7=00000000..00000000 r8=00000000..00000000,
82921688,,,yes,11.15,43.80,54.18,1227782,8270CBF8,3,,,r3=AD977E80..AD977E80 r4=705CFD00..AE669368 r5=00000030..00000060 r6=00000000..00000000 r7=00000000..3F800000 r8=00000000..FFFFFFFF,
82921698,D3DDevice_DrawVerticesUP (quads),medium,yes,11.15,43.80,54.18,1227782,8270CBDC,303,DRAW_INDX EVENT_WRITE EVENT_WRITE_ZPD,,r3=AD977E80..AD977E80 r4=0000000D..0000000D r5=00000004..00000004 r6=0000000C..00000018 r7=0000000A..AED37E40 r8=00000260..AED37E40,"emits PM4 DRAW_INDX; r4=13 (D3DPT_QUADLIST), r5=4, r6=stride 12..24, r7=vertex data; ~54/frame (2D/UI)"
82921B58,D3DDevice_DrawIndexedVertices,high,yes,0.00,0.00,629.50,1850966,826E05CC,285,DRAW_INDX EVENT_WRITE EVENT_WRITE_ZPD,,r3=AD977E80..AD977E80 r4=00000006..00000006 r5=00000000..00000000 r6=00000000..00000000 r7=00000005..0000307D r8=00000003..0000307B,"emits PM4 DRAW_INDX; r4=6 (D3DPT_TRIANGLESTRIP), r5=base 0, r6=start 0, r7=index count 5..12413; ~629/frame in ring"
82921FD0,,,yes,18.15,50.80,71.21,1299140,82922614,38,,,r3=AD977E80..AD977E80 r4=B0E70040..B34C36DC r5=00000000..00000066 r6=00000004..00A00000 r7=00000004..00050010 r8=00000000..B34C36CF,
82922068,,,yes,4.00,4.00,4.01,23657,82922D40,43,,,r3=AD977E80..AD977E80 r4=00000000..00001FFF r5=00000003..00000013 r6=0000000B..0F000000 r7=00000000..000003FF r8=AD97B380..C0114800,
82922118,,,yes,0.00,0.00,0.00,1,82923F04,70,,,r3=AD977E80..AD977E80 r4=7030FA00..7030FA00 r5=00000013..00000013 r6=0F000000..0F000000 r7=000003FF..000003FF r8=C0114800..C0114800,
82922230,,,,0.02,0.00,0.00,1133,82915BA4,26,,,r3=AD97AD60..AD97AD60 r4=0F059000..1FC00000 r5=0F0D9000..1FC01000 r6=00000000..00000003 r7=EF058000..FFBFF000 r8=00008000..00008000,
82922298,,,,0.01,0.00,0.00,22,829230B0,22,,,r3=AD97AD60..AD97AD60 r4=705CFCA4..705CFCA4 r5=705CFCA0..705CFCA0 r6=B0FB0320..B32B35A0 r7=B0FB031C..B32B359C r8=B0FB032B..B32B35A7,
829222F0,,,,2.00,2.00,2.00,11949,BCBCBCBC,37,,KeAcquireSpinLockAtRaisedIrql KeReleaseSpinLockFromRaisedIrql,r3=00000000..00000001 r4=AD977E80..AD977E80 r5=00000000..00000000 r6=00000000..00000000 r7=00000000..00000064 r8=00000000..FFFD37CF,
82922388,,,,0.00,0.00,0.00,0,00000000,29,,KeGetCurrentProcessType,,
82922400,,,yes,18.15,50.80,71.21,1299140,82922BAC,140,,,r3=AD977E80..AD977E80 r4=00000001..00000002 r5=7030F9C0..705CFCD0 r6=00000004..00000020 r7=00000000..FFFFFFFF r8=00000002..FFFFFFFF,
82922630,,,yes,17.15,49.80,70.20,1293230,82923934,58,,,r3=AD977E80..AD977E80 r4=00000004..00000018 r5=00000004..00000020 r6=00000000..B34C36A0 r7=00000000..FFFFFFFF r8=00000002..FFFFFFFF,
82922718,,,yes,2.25,2.00,2.00,12458,82922C44,51,,,r3=AD977E80..AD977E80 r4=00000000..00005C65 r5=00000003..0000000D r6=00000000..ADE6C750 r7=00000000..00000000 r8=00000000..ADE51DB8,
829227E8,,,,0.00,0.00,0.00,0,00000000,24,,KeGetCurrentProcessType,,
82922848,,,,0.24,0.00,0.00,628,82593FC0,24,,KeGetCurrentProcessType,r3=ADE51DC0..ADE6C570 r4=00000000..00000000 r5=00000578..00000578 r6=00002BC0..00002BC0 r7=AEC8BE70..AEC8BE70 r8=049D000A..04A3024F,
829228A8,,,,0.00,0.00,0.00,0,00000000,17,,,,
829228F0,,,,0.00,0.00,0.00,0,00000000,68,,,,
82922A00,,,,0.00,0.00,0.00,0,00000000,38,,,,
82922AA0,,,,0.00,0.00,0.00,0,00000000,31,,,,
82922B20,,,yes,1.00,1.00,1.00,5910,8291B4BC,77,,,r3=AD977E80..AD977E80 r4=00050000..00050000 r5=00001000..00001000 r6=705CF344..705CF344 r7=705CF350..705CF350 r8=00000800..00000800,
82922C58,,,yes,4.00,4.00,4.01,23656,829234C4,240,INDIRECT_BUFFER,,r3=AD977E80..AD977E80 r4=7030F9A0..705CFC90 r5=00000001..00000001 r6=0000000B..000387FD r7=00000000..00000000 r8=AD97B380..AD97B380,
82923020,,,yes,2.00,2.00,2.01,11828,82923918,112,WAIT_REG_MEM,,r3=AD977E80..AD977E80 r4=7030FAD4..705CFD44 r5=7030FAD0..705CFD40 r6=00000000..ADE51DC0 r7=00000000..BEEF0001 r8=00000002..B1736170,
829231E0,,,yes,2.00,2.00,2.01,11828,8292384C,80,EVENT_WRITE_SHD NOP,,r3=AD977E80..AD977E80 r4=B0D300E4..B349551C r5=0000000B..00000016 r6=0000000B..00000016 r7=00000000..00000000 r8=12340000..12340000,
82923320,,,yes,4.00,4.00,4.01,23656,82923880,108,,KfAcquireSpinLock KfReleaseSpinLock,r3=AD977E80..AD977E80 r4=B0D30118..B350D8EC r5=10D30000..1350D8C0 r6=0000000B..000387FD r7=00000000..00000000 r8=AD97B380..AD97B380,
829234D0,,,yes,1.00,1.00,1.00,5910,8291ABD8,147,WAIT_REG_MEM,KeGetCurrentProcessType,r3=AD977E80..AD977E80 r4=B0D30428..B3495110 r5=00000000..00000000 r6=8291A848..8291A848 r7=00000100..00000100 r8=00000001..00000001,
82923720,,,,0.00,0.00,0.00,0,00000000,8,,,,
82923740,,,yes,2.00,2.00,2.01,11828,82923960,98,,,r3=AD977E80..AD977E80 r4=00000001..00001FFF r5=0000000B..00000016 r6=0000000B..00000016 r7=00000000..00000000 r8=12340000..12340000,
829238C8,,,yes,2.00,2.00,2.01,11828,8291B49C,65,,,r3=AD977E80..AD977E80 r4=00000000..BFC90000 r5=00000000..C0054500 r6=00000000..ADE51DC0 r7=00000000..BEEF0001 r8=00000002..B1736170,
829239D0,,,,0.00,0.00,0.00,0,00000000,13,,,,
82923A08,,,,0.00,0.00,0.00,0,00000000,36,,KeGetCurrentProcessType,,
82923A98,,,yes,0.00,0.00,0.00,1,82923FA4,25,,,r3=AD977E80..AD977E80 r4=000001DC..000001DC r5=B0D30028..B0D30028 r6=000001DD..000001DD r7=C0000000..C0000000 r8=07F00000..07F00000,
82923B00,,,yes,1.00,1.00,21.00,65193,8291B158,30,,,r3=AD977E80..AD977E80 r4=00000040..00000905 r5=80000000..ADDAB670 r6=00000000..705CFC20 r7=00000000..AD97ED90 r8=00001973..FFFFF8FF,
82923B78,,,,0.00,0.00,0.00,0,00000000,30,,,,
82923BF0,,,yes,0.00,0.00,0.00,1,82927D54,242,ME_INIT,KiApcNormalRoutineNop MmGetPhysicalAddress VdEnableRingBufferRPtrWriteBack VdInitializeRingBuffer VdSetSystemCommandBufferGpuIdentifierAddress,r3=AD977E80..AD977E80 r4=AEC8EF68..AEC8EF68 r5=AD97C0A4..AD97C0A4 r6=00000004..00000004 r7=7030FB40..7030FB40 r8=00000020..00000020,
82923FB8,,,,0.00,0.00,20.00,59292,82925D0C,41,,,r3=CFBD5040..FFB80000 r4=CFBD5370..FFC00000 r5=00000000..00000000 r6=00000000..826E61C8 r7=00000000..00300103 r8=00000000..FFFFFFFF,
82924060,,,,0.00,0.00,0.00,0,00000000,43,,,,
82924110,,,,0.00,0.00,0.00,0,00000000,23,,,,
8292416C,,,,0.00,0.00,0.00,0,00000000,1,,,,
82924170,,,,0.00,0.00,0.00,0,00000000,43,,,,
82924220,,,,0.00,0.00,0.00,0,00000000,43,,,,
829242D0,,,,0.00,0.00,0.00,0,00000000,32,,KeGetCurrentProcessType RtlEnterCriticalSection RtlLeaveCriticalSection,,
82924350,,,,0.00,0.00,0.00,0,00000000,30,,KeGetCurrentProcessType RtlEnterCriticalSection RtlLeaveCriticalSection,,
829243C8,,,,0.00,0.00,0.00,0,00000000,22,,,,
82924420,,,,0.00,0.00,0.00,4,829247A4,53,,,r3=AD97E5A0..AD97E5A0 r4=7030F330..7030F330 r5=00000324..FFFFFFFF r6=000002CF..AD97E8C4 r7=00000018..AD97E5C0 r8=00000000..82EDF7D8,
829244F8,,,,0.00,0.00,0.00,2,829247D4,79,,,r3=AD97E5A0..AD97E5A0 r4=00000000..000002D0 r5=000002D0..000005A0 r6=00000001..00000001 r7=AD97E5C0..AD97E5C0 r8=00000000..00000010,
82924638,,,,0.00,0.00,0.00,0,00000000,20,,RtlEnterCriticalSection RtlLeaveCriticalSection,,
82924688,,,,0.00,0.00,0.00,2,82917D0C,92,,RtlEnterCriticalSection RtlInitializeCriticalSection RtlLeaveCriticalSection,r3=000002D0..000002D0 r4=7030F3D0..7030F3D0 r5=820724F8..820724F8 r6=000002CF..000002CF r7=00000000..00000708 r8=00000000..00000000,
829247F8,,,,0.00,0.00,0.00,0,00000000,45,,,,
829248B0,,,yes,6.28,23.38,287.29,875272,82926048,126,EVENT_WRITE,,r3=AD977E80..AD977E80 r4=001A0040..301E0E47 r5=00004010..00004800 r6=AD978600..AD979600 r7=00000005..AED37E40 r8=00000000..FFFFFFFF,
82924AA8,,,yes,2.00,2.00,10.01,35868,82919564,229,SET_CONSTANT,,r3=AD977E80..AD977E80 r4=00000100..00000100 r5=00000000..00000005 r6=00000000..00000000 r7=00000000..00000001 r8=00000000..00000E40,
82924E40,D3D internal: write register group to command buffer,high,yes,29.16,65.41,1385.13,4189226,829191E0,48,,,r3=AD977E80..AD977E80 r4=00000000..FF000000 r5=00002000..00004900 r6=AD97A600..AD97A8D0 r7=00000000..FFFFFFFF r8=00000000..FFFFFFFF,"r5 = first GPU register of a group, r6 = its mirror in the device (e.g. 0x2200 <- device+0x2934); gives the register mirror layout"
82924F00,,,yes,0.92,1.00,1.00,5849,82921D48,95,WAIT_REG_MEM,,r3=AD977E80..AD977E80 r4=00000000..00000000 r5=00002388..00002388 r6=AD97A8D0..AD97A8D0 r7=FFFFFFFF..FFFFFFFF r8=FFFFFFFF..FFFFFFFF,
82925080,D3D internal: write register sub-range,high,yes,11.15,43.80,683.56,3078732,82921848,86,,,r3=AD977E80..AD977E80 r4=00000000..00000000 r5=00002103..00004220 r6=AD978600..AD97A7B4 r7=00000005..ADDFCFA0 r8=FFFFFFFF..FFFFFFFF,"r5 = GPU register inside a group, r6 = the group's device mirror base"
829251D8,D3D internal: write shader constants,high,yes,12.07,44.80,1105.93,4319252,82921724,84,,,r3=AD977E80..AD977E80 r4=00000000..FFFFFFFF r5=00004000..00004400 r6=AD978600..AD979600 r7=00000005..AED37E40 r8=00000000..FFFFFFFF,"r5 = 0x4000 (vertex) / 0x4400 (pixel) constants, r6 = device+0x780 / +0x1780"
82925328,,,,0.00,0.00,20.00,59304,82925D54,393,,,r3=AD985FC0..ADDFCFA0 r4=B0D338B4..EFDDB000 r5=AD97E940..ADE70390 r6=AD97B020..AD97B020 r7=00000000..00000000 r8=00000000..FFFFFFFF,
82925950,,,,0.00,0.00,0.00,0,00000000,51,,,,
82925A20,,,,0.00,0.00,0.00,0,00000000,46,,,,
82925AD8,,,,0.00,0.00,0.00,0,00000000,84,,,,
82925C28,,,yes,0.00,0.00,20.00,59280,8292649C,83,IM_LOAD_IMMEDIATE,,r3=AD977E80..AD977E80 r4=00000000..00000000 r5=ADC3B790..ADDAB670 r6=705CFC20..705CFC20 r7=AD97ED90..AD97ED90 r8=ADC3C2C0..ADDABFAC,
82925D78,D3D internal: bind shaders at draw (ALU constants),medium,yes,12.55,46.77,598.55,1821680,82926420,80,LOAD_ALU_CONSTANT,KeGetCurrentProcessType,r3=AD977E80..AD977E80 r4=AD986328..ADE02618 r5=EFB9D000..EFDDB000 r6=00000000..0000794A r7=00000000..0E38C3D9 r8=00000000..00000000,PM4 LOAD_ALU_CONSTANT; r4=shader object (starts with its container); ~600/frame
82925EC0,,,yes,6.28,23.38,311.27,946408,82926468,80,,,r3=AD977E80..AD977E80 r4=AD985FC0..ADDFCFA0 r5=AD97E940..ADE70390 r6=00000000..00000000 r7=00000000..00000000 r8=00000000..00000000,
82926000,D3D internal: load shader program (IM_LOAD),medium,yes,6.28,23.38,311.27,946408,82921768,604,IM_LOAD SET_CONSTANT,KeBugCheck,r3=AD977E80..AD977E80 r4=00080000..301E0E47 r5=00004010..00004800 r6=AD978600..AD979600 r7=00000005..AED37E40 r8=00000000..FFFFFFFF,PM4 IM_LOAD + SET_CONSTANT; ~311/frame
82926970,,,,0.00,0.00,0.00,0,00000000,32,,KeSetEvent,,
829269F0,,,,0.00,0.00,0.00,0,00000000,49,,,,
82926AB8,,,,0.00,0.00,0.00,0,00000000,4,,,,
82926AC8,,,,0.00,0.00,0.00,0,00000000,4,,,,
82926AE0,,,,0.00,0.00,0.00,0,00000000,32,,DbgPrint _vsnprintf,,
82926B60,,,,0.00,0.00,0.00,0,00000000,154,,sprintf,,
82926DC8,,,,0.00,0.00,0.00,0,00000000,82,,,,
82926F10,,,,0.00,0.00,0.00,0,00000000,251,,,,
82927300,,,,0.00,0.00,0.00,0,00000000,48,,DbgPrint,,
829273C0,,,,0.00,0.00,0.00,0,00000000,38,,,,
82927468,,,,0.00,0.00,0.00,0,00000000,6,,,,
82927488,,,,0.00,0.00,0.00,0,00000000,15,,ExRegisterTitleTerminateNotification,,
829274C8,,,,0.00,0.00,0.00,0,00000000,10,,ExRegisterTitleTerminateNotification VdShutdownEngines,,
829274F0,,,yes,0.00,0.00,0.00,1,82927DCC,154,,,r3=AD977E80..AD977E80 r4=7030F3E8..7030F3E8 r5=000005F0..000005F0 r6=00000000..00000000 r7=FE40FFC0..FE40FFC0 r8=FFFFFFFF..FFFFFFFF,
82927758,,,yes,0.00,0.00,0.00,1,82927DBC,147,,VdQueryVideoMode,r3=AD977E80..AD977E80 r4=AEC8EF20..AEC8EF20 r5=C0022100..C0022100 r6=FFFFFFFF..FFFFFFFF r7=82EE0000..82EE0000 r8=00000000..00000000,
829279A8,,,,0.00,0.00,0.00,0,00000000,43,,KeGetCurrentProcessType,,
82927A58,,,,0.00,0.00,0.00,0,00000000,22,,,,
82927AB0,,,yes,0.00,0.00,0.00,1,8291B20C,42,,VdGetCurrentDisplayInformation VdSetDisplayMode,r3=AD977E80..AD977E80 r4=AD97B43C..AD97B43C r5=00000001..00000001 r6=705CFC50..705CFC50 r7=BEEF0001..BEEF0001 r8=DEAD0000..DEAD0000,
82927B58,,,yes,0.00,0.00,0.00,1,82927C98,38,,ExRegisterTitleTerminateNotification KeGetCurrentProcessType VdInitializeEngines VdSetGraphicsInterruptCallback,r3=AD977E80..AD977E80 r4=AEC8EF20..AEC8EF20 r5=00002000..00002000 r6=0F000000..0F000000 r7=13540000..13540000 r8=00000020..00000020,
82927BF0,,,yes,0.00,0.00,0.00,1,8291A62C,28,,KeGetCurrentProcessType,r3=AD977E80..AD977E80 r4=00000000..00000000 r5=00005F00..00005F00 r6=AD97DD80..AD97DD80 r7=00000018..00000018 r8=00000003..00000003,
82927C60,,,yes,0.00,0.00,0.00,1,8291A6A0,153,,ExGetXConfigSetting KeGetCurrentProcessType RtlInitializeCriticalSection VdIsHSIOTrainingSucceeded,r3=AD977E80..AD977E80 r4=AEC8EF20..AEC8EF20 r5=00002000..00002000 r6=0F000000..0F000000 r7=13540000..13540000 r8=00000020..00000020,
82927EC8,,,,0.00,0.00,0.00,0,00000000,20,,,,
82927F18,,,,0.00,0.00,0.00,0,00000000,31,,,,
82927F98,,,,0.00,0.00,0.00,0,00000000,106,,ExRegisterTitleTerminateNotification KeGetCurrentProcessType VdSetGraphicsInterruptCallback VdSetSystemCommandBufferGpuIdentifierAddress VdShutdownEngines,,
82928140,,,,0.00,0.00,0.00,0,00000000,20,,,,
82928190,,,,0.00,0.00,0.00,1024,829283C4,44,,,r3=00000000..FFFFFFFF r4=00000001..00000001 r5=00000000..00000000 r6=00000000..82070000 r7=82070000..82070560 r8=00000002..00000002,
82928240,,,,0.00,0.00,0.00,1024,82928404,44,,,r3=00000000..FFFFFFFF r4=00000000..00000000 r5=00000000..00000000 r6=00000000..82070000 r7=82070000..82070560 r8=00000002..00000002,
829282F0,,,,0.01,0.00,0.00,5,82928494,96,,VdGetCurrentDisplayGamma,r3=00000000..00000000 r4=7030F490..AEC8F500 r5=00000000..00000000 r6=00000000..82070000 r7=00000000..82000000 r8=00000500..82040000,
82928470,,,,0.01,0.00,0.00,5,8291E010,37,,,r3=7030EDF0..705CF7A0 r4=7030F490..AEC8F500 r5=00000000..00000000 r6=00000000..82070000 r7=00000000..82000000 r8=00000500..82040000,
82928508,,,,0.00,0.00,0.00,0,00000000,33,,,,
82928590,,,yes,0.00,0.00,0.00,2,8291A720,61,,,r3=AD977E80..AD977E80 r4=AD97B9F0..AD97B9F0 r5=AD97B9F0..AD97B9F0 r6=00000000..28280106 r7=00000003..00001930 r8=00001973..FFFFF8FF,
82928688,,,,0.00,0.00,0.00,0,00000000,59,,,,
82928778,,,,0.00,0.00,0.00,1,82927960,17,,,r3=7030F490..7030F490 r4=00000000..00000000 r5=00000038..00000038 r6=00000000..00000000 r7=00000000..00000000 r8=00000500..00000500,
829287BC,,,,0.00,0.00,0.00,0,00000000,1,,,,
829287C0,,,,0.00,0.00,0.00,0,00000000,24,,,,
82928820,,,,0.00,0.00,0.00,0,00000000,1,,,,
82928828,,,yes,1.00,1.00,1.00,5910,8291AAC8,92,,,r3=AD977E80..AD977E80 r4=00000000..00000000 r5=00000000..00000000 r6=00000500..00000500 r7=000002D0..000002D0 r8=02D00000..02D00000,
82928998,,,,0.00,0.00,0.00,0,00000000,26,,,,
82928A00,,,,0.00,0.00,0.00,0,00000000,22,,,,
82928A58,,,,0.00,0.00,0.00,0,00000000,33,,,,
82928AE0,,,,0.00,0.00,0.00,0,00000000,24,,,,
82928B40,,,,0.00,0.00,0.00,0,00000000,72,,,,
82928C60,,,,0.00,0.00,0.00,0,00000000,4,,,,
82928C70,,,,0.00,0.00,0.00,0,00000000,27,,,,
82928CE0,,,,0.00,0.00,0.00,0,00000000,25,,,,
82928D48,,,,0.00,0.00,0.00,0,00000000,40,,sprintf,,
82928DE8,,,,0.00,0.00,0.00,0,00000000,37,,,,
82928E80,,,,0.00,0.00,0.00,0,00000000,22,,,,
82928ED8,,,,0.00,0.00,0.00,0,00000000,30,IM_LOAD_IMMEDIATE,,,
82928F50,,,,0.00,0.00,0.00,0,00000000,54,,,,
82929028,,,,0.00,0.00,0.00,0,00000000,49,,,,
829290F0,,,,0.00,0.00,0.00,0,00000000,26,,,,
82929158,,,,0.00,0.00,0.00,0,00000000,22,DRAW_INDX_2,,,
829291B0,,,,0.00,0.00,0.00,0,00000000,17,,,,
829291F8,,,,0.00,0.00,0.00,0,00000000,85,,,,
82929350,,,,0.00,0.00,0.00,0,00000000,39,,KeGetCurrentProcessType,,
829293F0,,,,0.00,0.00,0.00,0,00000000,67,,KeGetCurrentProcessType,,
82929500,,,,0.00,0.00,0.00,0,00000000,275,,,,
82929950,,,,0.00,0.00,0.00,0,00000000,311,,,,
82929E30,,,,0.00,0.00,0.00,0,00000000,1,,,,
82929E38,,,,0.00,0.00,0.00,0,00000000,119,,,,
8292A018,,,yes,0.00,0.00,0.00,1,82927E68,63,,,r3=AD977E80..AD977E80 r4=00000016..00000016 r5=00000046..00000046 r6=00000046..00000046 r7=00000000..00000000 r8=12340000..12340000,
8292A118,,,,0.00,0.00,0.00,0,00000000,45,,,,
8292A1D0,,,,0.00,0.00,0.00,0,00000000,40,,,,
8292A270,,,,0.00,0.00,0.00,0,00000000,493,,,,
8292AA28,,,,0.00,0.00,0.00,0,00000000,294,,,,
8292AEC0,,,,0.00,0.00,0.00,0,00000000,210,,,,
8292B208,,,,0.00,0.00,0.00,0,00000000,453,,,,
8292B920,,,yes,1.00,1.00,1.00,5910,8291B40C,75,,VdQueryVideoMode,r3=AD977E80..AD977E80 r4=00000000..FFFFFFFF r5=00000000..00000000 r6=10996000..10996000 r7=28280106..28280106 r8=00000500..00000500,
8292BA50,,,yes,1.00,1.00,1.00,5909,8292BF8C,93,,,r3=AD977E80..AD977E80 r4=00000000..00000000 r5=00000003..00000003 r6=00000000..00000000 r7=000C1317..FFFEEF84 r8=00000000..000DDCC0,
8292BBC8,,,yes,0.00,0.00,0.00,6,8291B1D0,35,EVENT_WRITE_SHD REG_RMW,,r3=AD977E80..AD977E80 r4=F353D040..F353D054 r5=00000001..F353D008 r6=000002CF..705CFC50 r7=00000500..BEEF0001 r8=00000006..705CFBF0,
8292BC58,,,yes,2.00,2.00,2.01,11820,8291AC54,54,EVENT_WRITE_SHD REG_RMW,,r3=AD977E80..AD977E80 r4=00000000..00000001 r5=00000000..C0043C00 r6=00000500..0BADF00D r7=000002D0..0000057C r8=00000100..02D00000,
8292BD30,,,yes,1.00,1.00,1.00,5909,8291B538,168,,,r3=AD977E80..AD977E80 r4=00000000..00000000 r5=00000003..00000003 r6=00000000..00000000 r7=00000000..00000000 r8=00000000..002D93F8,
8292BFD0,,,yes,0.00,0.00,0.00,2,8292DACC,73,,VdQueryVideoFlags,r3=AD977E80..AD977E80 r4=00000500..00000500 r5=000002D0..000002D0 r6=AD97B4F0..AD97B4F0 r7=7030F260..705CF170 r8=00000000..00000000,
8292C0F8,,,yes,0.00,0.00,0.00,1,8292DCF0,29,,,r3=AD977E80..AD977E80 r4=AEC8EF80..AEC8EF80 r5=7030F3D0..7030F3D0 r6=00000000..00000000 r7=00000000..00000000 r8=AD97E670..AD97E670,
8292C170,,,yes,0.00,0.00,0.00,1,8292DCD0,24,,VdCallGraphicsNotificationRoutines,r3=AD977E80..AD977E80 r4=00000500..00000500 r5=000002D0..000002D0 r6=AD97B4F0..AD97B4F0 r7=00000000..00000000 r8=0059E4FF..0059E4FF,
8292C1D0,,,,0.00,0.00,0.00,0,00000000,40,,,,
8292C270,,,,0.00,0.00,0.00,0,00000000,57,,,,
8292C358,,,,0.00,0.00,0.00,0,00000000,122,,,,
8292C540,,,,0.00,0.00,0.00,2,8292D564,277,,,r3=705CED00..705CED00 r4=705CF4D8..705CF764 r5=00000005..0000000A r6=00000010..00000010 r7=82000000..82000000 r8=00000000..00000000,
8292C998,,,,0.00,0.00,0.00,0,00000000,106,,,,
8292CB40,,,,0.00,0.00,0.00,0,00000000,47,,,,
8292CC00,,,,0.00,0.00,0.00,0,00000000,22,,,,
8292CC58,,,,0.00,0.00,0.00,0,00000000,65,,,,
8292CD60,,,,0.00,0.00,0.00,0,00000000,65,,,,
8292CE68,,,,0.00,0.00,0.00,2,8292D550,270,,,r3=00000007..00000007 r4=00000010..00000010 r5=00000005..0000000A r6=00000001..00000001 r7=82000000..82000000 r8=82000000..82000000,
8292D2A0,,,,0.00,0.00,0.00,2,8292D878,183,,,r3=705CF4D0..705CF75C r4=00000000..00000000 r5=00000007..00000007 r6=705CF18C..705CF19C r7=00000000..050002D0 r8=00000005..0000000A,
8292D580,,,yes,0.00,0.00,0.00,1,8292DBA8,330,,VdQueryVideoMode,r3=AD977E80..AD977E80 r4=00000000..00000000 r5=050002D0..050002D0 r6=00000000..00000000 r7=050002D0..050002D0 r8=050002D0..050002D0,
8292DAA8,,,yes,0.00,0.00,0.00,1,8291ADF4,108,,RtlFillMemoryUlong VdInitializeScalerCommandBuffer,r3=AD977E80..AD977E80 r4=00000500..00000500 r5=000002D0..000002D0 r6=AD97B4F0..AD97B4F0 r7=00000000..00000000 r8=00001973..00001973,
8292DC58,,,yes,0.00,0.00,0.00,1,8292DCF8,32,,,r3=AD977E80..AD977E80 r4=7030F3D0..7030F3D0 r5=7030F3D0..7030F3D0 r6=00000000..00000000 r7=00000000..00000000 r8=AD97E670..AD97E670,
8292DCD8,,,yes,0.00,0.00,0.00,1,82927944,12,,,r3=AD977E80..AD977E80 r4=AEC8EF80..AEC8EF80 r5=00000078..00000078 r6=00000000..00000000 r7=00000000..00000000 r8=AD97E670..AD97E670,
8292DD08,,,yes,1.00,1.00,1.00,5909,8291B540,5,,,r3=AD977E80..AD977E80 r4=00000004..00000004 r5=82930000..82930000 r6=82930000..82930000 r7=82930000..82930000 r8=00000000..00000000,
8292DD20,,,yes,1.00,1.00,1.00,5911,8291B4AC,57,,KeEnterCriticalRegion KeLeaveCriticalRegion RtlEnterCriticalSection RtlLeaveCriticalSection VdRetrainEDRAM VdRetrainEDRAMWorker,r3=AD977E80..AD977E80 r4=00000000..00000001 r5=00000000..00000001 r6=0000000C..00000064 r7=00000000..00000000 r8=12340000..12340000,
8292DE08,,,,0.00,0.00,0.00,0,00000000,5,,,,
8292DE20,,,,0.00,0.00,0.00,0,00000000,5,,,,
8292DE38,,,,0.00,0.00,0.00,0,00000000,13,,,,
8292DE70,,,,0.00,0.00,0.00,0,00000000,21,,,,
8292DEC8,,,,0.00,0.00,0.00,0,00000000,18,,,,
8292DF10,,,,0.00,0.00,0.00,0,00000000,5,,,,
8292DF28,,,,0.00,0.00,0.00,0,00000000,5,,,,
8292DF40,,,yes,0.00,0.00,0.00,1,82927EB8,9,,,r3=AD977E80..AD977E80 r4=00000002..00000002 r5=00000000..00000000 r6=00000500..00000500 r7=000002D0..000002D0 r8=02D00000..02D00000,
8292DF68,,,,0.00,0.00,0.00,0,00000000,173,,,,
8292E220,,,,0.00,0.00,0.00,0,00000000,32,,MmAllocatePhysicalMemoryEx,,
8292E2A0,,,,0.00,0.00,0.00,0,00000000,66,,MmFreePhysicalMemory,,
8292E3A8,,,,0.00,0.00,0.00,0,00000000,456,,MmAllocatePhysicalMemoryEx,,
8292EAC8,,,,0.00,0.00,0.00,0,00000000,46,,,,
8292EB80,,,,0.00,0.00,0.00,0,00000000,264,,KeQueryPerformanceFrequency ObDeleteSymbolicLink VdGetCurrentDisplayInformation,,
8292EFA0,,,,0.00,0.00,0.00,0,00000000,11,,,,
8292EFD0,,,,0.00,0.00,0.00,0,00000000,218,,ObCreateSymbolicLink RtlInitAnsiString VdGetCurrentDisplayInformation sprintf,,
8292F338,,,,0.00,0.00,0.00,0,00000000,560,DRAW_INDX_2 EVENT_WRITE IM_LOAD_IMMEDIATE,,,
8292FBF8,,,yes,1.00,1.00,1.00,5910,8291B0F4,59,,sprintf,r3=AD977E80..AD977E80 r4=AD97E4F0..AD97E4F0 r5=00000001..00000001 r6=000002CF..000002CF r7=00000000..00000000 r8=AD97B4B8..AD97B4B8,
8292FCE8,,,yes,0.02,0.00,0.00,664,82934328,5,,,r3=AD977E80..AD977E80 r4=7030EFB0..703CF120 r5=00000003..00000012 r6=820795E4..82079E9C r7=7030F784..703CF8F4 r8=18280086..1A200054,
8292FD00,,,yes,1.00,1.00,1.00,5911,8291E250,28,,,r3=AD977E80..AD977E80 r4=00000002..00000002 r5=00000000..00000000 r6=00000040..00000500 r7=00000000..000002D0 r8=00000000..02D00000,
8292FD70,,,,0.00,0.00,0.00,0,00000000,57,,VdEnableDisableClockGating,,
8292FE58,,,,0.00,0.00,0.00,0,00000000,40,,,,
8292FEF8,,,,0.00,0.00,0.00,0,00000000,386,,,,
82930500,,,,0.00,0.00,0.00,0,00000000,5,,,,
82930518,,,,0.00,0.00,0.00,0,00000000,1435,REG_RMW,,,
82931B88,,,,0.00,0.00,0.00,0,00000000,27,,,,
82931BF8,,,,0.00,0.00,0.00,0,00000000,44,,KeLockL2,,
82931CB0,,,,0.00,0.00,0.00,0,00000000,26,,,,
82931D18,,,,0.00,0.00,0.00,0,00000000,34,,KeGetCurrentProcessType,,
82931DA0,,,,0.00,0.00,0.00,0,00000000,39,,KeGetCurrentProcessType,,
82931E40,,,,0.00,0.00,0.00,0,00000000,65,,,,
82931F48,,,,0.00,0.00,0.00,0,00000000,26,,,,
82931FB0,,,,0.00,0.00,0.00,0,00000000,77,,KeGetCurrentProcessType KeUnlockL2 KfAcquireSpinLock KfReleaseSpinLock,,
829320E8,,,,0.00,0.00,0.00,0,00000000,14,,KeSetEvent,,
82932120,,,,0.00,0.00,0.00,0,00000000,37,,KeSetEvent,,
829321B8,,,,0.00,0.00,0.00,0,00000000,105,EVENT_WRITE_SHD,,,
82932360,,,,0.00,0.00,0.00,0,00000000,56,,,,
82932440,,,,0.00,0.00,0.00,0,00000000,80,,,,
82932580,,,,0.00,0.00,0.00,0,00000000,61,,,,
82932678,,,,0.00,0.00,0.00,0,00000000,210,,KeGetCurrentProcessType,,
829329C0,,,,0.00,0.00,0.00,0,00000000,169,,,,
82932C80,,,,0.00,0.00,0.00,2,82160144,101,,KeGetCurrentProcessType KeResetEvent KeWaitForSingleObject RtlEnterCriticalSection RtlLeaveCriticalSection,r3=AD97AB98..AD97AC04 r4=AD97AB98..AD97AC04 r5=00000000..4E16C800 r6=00000000..00000000 r7=00000000..50620E00 r8=00000000..00000000,
82932E18,,,,0.00,0.00,0.00,0,00000000,45,,KeInsertQueueDpc,,
82932ED0,,,yes,0.00,0.00,0.00,1,82927D84,104,,KeInitializeDpc KeSetBasePriorityThread ObDereferenceObject ObReferenceObjectByHandle,r3=AD977E80..AD977E80 r4=00000000..00000000 r5=000004EC..000004EC r6=AD97E4CC..AD97E4CC r7=00000018..00000018 r8=0BADD00D..0BADD00D,
82933070,,,yes,0.00,0.00,0.00,1,82927DB0,116,,,r3=AD977E80..AD977E80 r4=00000071..00000071 r5=F0D2E980..F0D2E980 r6=F0D2F000..F0D2F000 r7=00078D00..00078D00 r8=00000030..00000030,
